,author,subsme,subs,like
0,/@sok/,274k,130k,1.9m
1,/@monscar/,108k,42.0k,961k
2,/profile/6qcjdnd7ez2c5r0t8dac7tgkz4/,7.3k,13.1k,734k
3,/profile/c7meaa6f8wjctgrndbqk34461m/,831,1.0k,6.5k
4,/profile/2kuvmcahthmd6nyeprh8y00t6g/,4.1k,16.0k,571k
5,/@ghost_latte/,6.3k,4.8k,73.0k
6,/profile/k0wb3kdhbk2xwpx0407v96q10w/,62.7k,20.8k,356k
7,/@elistratovv/,41.2k,25.8k,382k
8,/@food/,84.6k,52.3k,638k
9,/profile/qcfuqkxxta6twk29zw4b86x5f0/,735,657,5.0k
10,/profile/jbfnn8r7xm51p2rwqbnr78ay0r/,10.3k,9.5k,257k
11,/@kapotov/,107k,108k,4.2m
12,/@oliapankova/,48.0k,20.5k,247k
13,/@aqua_man/,18.8k,11.2k,150k
14,/@v/,74.5k,46.1k,487k
15,/@axiscat/,65.1k,131k,2.9m
16,/profile/n14620b82z8fyrhf2wkaq2fhqm/,17.5k,13.9k,713k
17,/@winterflower/,22.6k,7.4k,17.4k
18,/profile/dd0bnm8egwuwc11h0e41dpjm20/,104k,40.6k,687k
19,/@lenagora/,21.6k,8.0k,86.7k
20,/profile/pgpda1r6htp8cbn5jwp9d3ywc0/,53.1k,19.6k,312k
21,/@wow/,122k,36.0k,261k
22,/@aiuncle/,199k,54.6k,265k
23,/@birdofhappiness/,57.8k,52.8k,1.2m
24,/@panda/,167k,61.2k,1.1m
25,/profile/zfacvfannfewd9e14rnff9wfac/,80.4k,26.9k,840k
26,/@aurora_rufus/,94.4k,63.2k,1.1m
27,/profile/n5j8nc0j6mxyxe608d3ryxqgzg/,100k,40.5k,1.0m
28,/@yummy_yummy/,72.4k,27.8k,338k
29,/profile/p3n8e6w1jxwmx9xfrutmjxh2j0/,9.4k,10.1k,425k
30,/profile/mccbq00ppxy192n1wnqqbk6cbr/,41.8k,20.2k,322k
31,/@kozina/,8.1k,8.7k,761k
32,/@dagur/,2.9k,1.9k,23.9k
33,/@muymuy/,4.4k,7.9k,310k
34,/@liaru/,55.4k,62.8k,3.4m
35,/profile/b7b5c5bgft5dzb01gdh76dwk6r/,6,475,2.9k
36,/@rozhkova_art/,58.7k,32.2k,764k
37,/@eseniya/,9.1k,16.8k,921k
38,/@jorg/,111k,26.2k,281k
39,/profile/mdc5jy6cp6vcatyazdmn2tptb0/,11,529,4.1k
40,/@very_scary/,13.4k,6.4k,93.3k
41,/@floyd/,186,272,1.1k
42,/@kvrach/,707,4.0k,98.2k
43,/@kakjvkusno/,146,10.1k,875k
44,/@ilona_c/,1.0k,30.0k,499k
45,/@1234/,16.4k,15.8k,559k
46,/profile/gze0h40jtvwndha0qhmaxwbp04/,2.7k,2.5k,45.2k
47,/profile/jv731e7xem76am71bwwpeyvbw8/,71.0k,17.3k,162k
48,/@space-travelers/,11.7k,5.9k,71.5k
49,/profile/yyb4tfhrvhzaehc2nabuegp83w/,11.8k,11.7k,541k
50,/@minze__com/,51.3k,20.8k,184k
51,/@apteka/,77.9k,40.5k,843k
52,/profile/e4nk0n8xhghpf60k6c3hb0xqfc/,4.2k,5.6k,215k
53,/@ai-art-studio/,36.9k,11.0k,123k
54,/profile/kuuefmw4e075y9czgaqw5ah26c/,15.1k,15.6k,570k
55,/@red_circle/,59.4k,38.1k,491k
56,/@galina_m/,1.0k,12.4k,1.0m
57,/@okkotvorca/,215k,36.9k,386k
58,/@marinakaa/,4.9k,3.0k,66.7k
59,/profile/gdmg4mbydfwc7bpmapphdvbnng/,48.4k,15.4k,234k
60,/@mannix777/,142k,56.7k,733k
61,/profile/8tmt8ch0nzyvzz2m56753hx9x8/,20.6k,13.4k,244k
62,/profile/4r5fbezvm9e2w7e08y94r92cw0/,1.1k,1.2k,26.4k
63,/profile/bnmjcky0dnkxqduyw539wpmzx8/,16.4k,13.6k,106k
64,/@moonlight/,152k,55.2k,827k
65,/@siiamylife/,26.6k,13.7k,85.5k
66,/@vit-vinn/,3.0k,2.9k,265k
67,/@zolotoe_sechenie/,250k,59.6k,576k
68,/profile/mmxhv658u41zkcyazb71ga8u6m/,7.5k,1.8k,31.2k
69,/@aksr57/,2,165,1.1k
70,/@kak-to_tak/,50.4k,17.2k,125k
71,/@natalyrazumovskaya/,40.0k,17.3k,267k
72,/profile/f2aqftb3terd0gfn9wfgv422tr/,11.7k,10.1k,456k
73,/profile/qy80ab5y06hqj4ept3c4y07740/,53.9k,21.2k,222k
74,/@aleksrja/,4.3k,9.5k,276k
75,/@spacemoon/,22.8k,14.2k,115k
76,/@zei18my/,93,420,3.1k
77,/profile/c850t9f6rn46tcd3qp7ytt2zug/,63.6k,15.4k,107k
78,/profile/ntkfn6wv6augpxx3mtd7vukny8/,91.5k,28.7k,445k
79,/profile/90q4636nxt78ww4cfga6bq3t5r/,9,426,3.3k
80,/@mur4/,13.3k,11.6k,363k
81,/@eve.cohen/,122k,34.9k,719k
82,/profile/5g9eu17qw0cqwrqqt13pkx8wb4/,1.5k,13.0k,608k
83,/profile/1t9aa22y40fdjzheqm798fdd24/,1,336,2.4k
84,/@kornsvetaway/,125,1.2k,16.3k
85,/profile/1jx6w7fyga0t70kj0kher064uw/,2.7k,1.2k,15.7k
86,/profile/kvdndj4v92r9j74eyzqug13bxr/,47,338,2.2k
87,/@persiiik63/,47,3.0k,150k
88,/@lastochka/,43.7k,16.2k,332k
89,/profile/c9nktykxvdadwj0ewrdfurmccc/,180,213,1.0k
90,/profile/mdqn4dhr9hhqc6w1zd7b86pwrw/,1.4k,1.4k,65.4k
91,/profile/cpwqt0wurcn6pb765tv0m7kh6w/,1,276,1.2k
92,/@biktasheva66/,21.2k,11.8k,230k
93,/profile/vzx80c6e5bk2xkbtmg8up3vmqm/,41.3k,16.0k,286k
94,/profile/c84m07q7t9p4kxevfnmt7pww4c/,24.2k,13.2k,318k
95,/@vsyakorazno/,52.2k,38.7k,955k
96,/@dmitrii_chapurin/,242k,49.6k,696k
97,/@manakushka/,2.8k,2.8k,49.5k
98,/@exlebelend/,84.1k,26.9k,429k
99,/@geekmafia/,680k,96.6k,531k
100,/@ksana/,518,524,11.0k
101,/profile/ck371ejbwwq0m1hx5bhx2rq5jc/,65,952,8.1k
102,/profile/wfu3b8bh9y3yakqd1h6x49jydw/,1.2k,1.6k,92.6k
103,/@abyss/,22.2k,8.1k,40.3k
104,/profile/cd8h298ya9tjmqgqnwv8bhgbvm/,10.7k,9.6k,443k
105,/@lalalalalalal658/,340,342,2.2k
106,/profile/rjzc1yumxr76a1qx5n0r7y97a8/,171k,68.6k,1.2m
107,/@tasamay/,16.6k,10.2k,265k
108,/profile/Gushina.marina64/,205,738,7.0k
109,/profile/g3yn1uz869d4f40mv8f9d3ttcg/,17.5k,9.8k,46.0k
110,/@alessandro.tvorelli/,34.4k,15.0k,347k
111,/@julik.fox/,5.0k,5.0k,167k
112,/@vortex_tm/,0,6.4k,358k
113,/@maumyn/,191,794,8.8k
114,/profile/mh9pdzjex16cgthmqtpaajf0vm/,5,124,674
115,/@diatrima/,4.2k,3.9k,155k
116,/profile/rhanc6xyfyg30cd06gcr0myqxw/,1.5k,1.1k,7.2k
117,/profile/u47f4p36d3ugxxuexepbk0ffxr/,0,74,292
118,/@seryjpekar/,12.4k,5.3k,73.4k
119,/profile/pechnikovpeter/,1,104,539
120,/@moaz/,57.3k,38.2k,994k
121,/@alextkach/,0,125,480
122,/profile/g2uenm6uwwb0chx2bu98yzgmkr/,12,160,792
123,/@dr.ah/,10.5k,5.6k,135k
124,/@kawaii_shtab/,12.5k,8.9k,41.1k
125,/@shadow7/,145,4.9k,121k
126,/profile/485u8rn2ukfy31be2hvz2n9ytg/,0,87,282
127,/@olgap/,1.9k,1.9k,39.3k
128,/@angelika4567/,13,90,514
129,/@minimay/,1.7k,9.1k,382k
130,/@kolyntaeva/,9.0k,13.1k,822k
131,/profile/t44xc6j8tvq7hqqkn86j5r1nvc/,6.1k,6.0k,246k
132,/@meritra/,1.9k,11.6k,368k
133,/@tattoo/,144k,31.8k,317k
134,/@supressed/,10.7k,4.5k,31.9k
135,/@yahelga/,18.4k,8.9k,214k
136,/@radyga_vlg34/,2.2k,5.1k,104k
137,/@lisaalice/,10.2k,16.8k,682k
138,/@untouchable/,4.2k,5.1k,386k
139,/@s.o.v.a/,54.4k,30.3k,374k
140,/profile/unc91mu8bkhv7jmxwnz6g5hjxw/,2.0k,1.4k,6.6k
141,/profile/6zn6r2gvp262vkfvpd5wm12px8/,7.7k,4.0k,49.4k
142,/@lika_shikolai/,6.5k,6.7k,182k
143,/@nastasi/,8.0k,8.3k,379k
144,/@yanaegereva/,32.8k,17.6k,199k
145,/profile/5rdguhtr8qp166hckpeux68544/,9.1k,6.4k,156k
146,/@salamandershed/,38.8k,30.4k,934k
147,/profile/j4d99ek8fn01n7e4qvyvw64848/,16.6k,9.6k,216k
148,/@elena.kodich/,41.5k,18.1k,172k
149,/profile/1rc8j66e6j1ur65utrv41cm2n8/,252,245,1.6k
150,/@natianatia/,17.0k,11.1k,137k
151,/profile/u0v5aj06qpje4539xqet9vyxn4/,1.0k,864,11.9k
152,/profile/r06c49nrpwce2a1w19cghhhg7r/,337k,23.3k,272k
153,/profile/bau3h2k8hz7exqukhf8cvdtda4/,18.8k,11.1k,115k
154,/profile/pxxtxhw78d17wbrtqh12z7zp0r/,6.3k,1.1k,3.2k
155,/@artlys/,19.6k,15.1k,727k
156,/@ekaterina_art/,58.5k,27.3k,225k
157,/@anna.strelova/,43,993,12.0k
158,/profile/r97rxdt95vt9marqgjzjjv3zmw/,7.4k,3.4k,45.0k
159,/profile/kp7cdpa8npc8n3nvkgxjfqwed4/,5.9k,5.2k,187k
160,/profile/aq3rrf86u7kby0cufqd7pucfwm/,229,447,1.2k
161,/profile/y75zqxjunhkv47ww2wktvjb980/,43.3k,11.5k,150k
162,/profile/f4tz4c17fukx984jz2rcy2xf7w/,29.2k,12.8k,341k
163,/profile/u9pc3w3akkxap6c9agjuux13n4/,174,194,1.3k
164,/@zhannet/,260,255,5.2k
165,/@silverfox/,114,1.1k,26.6k
166,/profile/60we9z3h5pac2c60bakd7k3f04/,14,144,565
167,/profile/b985jdzk3uu5yfjdjjgjefy03w/,2.1k,1.1k,7.8k
168,/@ket_x/,34.0k,17.3k,256k
169,/profile/qaqb74p4denw5aq89bgruhv1w8/,30,1.6k,30.2k
170,/profile/kf4jjg0crr8h9fcvpadhjrpgn8/,165,211,819
171,/@summer/,27.9k,21.2k,160k
172,/profile/cf4f44yuhmrpv705ktx8p6mt84/,7.6k,7.0k,232k
173,/profile/wyh05vba03avct9zz4c8fjg464/,2.4k,5.9k,459k
174,/@sirius/,44.9k,18.8k,202k
175,/@akvarel_light/,2.3k,2.3k,33.5k
176,/@yelenavyksa/,2.2k,1.5k,16.3k
177,/@eklerika/,40.8k,40.8k,1.3m
178,/@lutc/,24.8k,14.5k,150k
179,/profile/fk3yq3zkzyk51b6ywxmk4pe67g/,9.0k,4.7k,40.5k
180,/profile/7j5b1fpguxcyrn7eypfvdr0q0g/,10.9k,6.6k,42.0k
181,/@epic/,25.4k,12.6k,163k
182,/profile/x782cv2z1dp0u1cqn6eh5xeqk0/,2,420,3.6k
183,/profile/t015cja7z5rb0x9fe02z03urh4/,16.6k,8.6k,304k
184,/@onjo/,204,246,1.8k
185,/profile/4aftqy159qdwjuz1qgb05x2mvr/,3.0k,1.3k,4.9k
186,/@dimmann/,5,277,2.3k
187,/@sonnenshtern/,342k,38.9k,591k
188,/@laserpenta/,4.2k,7.2k,291k
189,/@anin/,1.6k,6.9k,296k
190,/@oo/,9.9k,4.1k,27.4k
191,/profile/11qr9tcj39twjb8ah0dn37yct8/,24.9k,25.3k,906k
192,/profile/4g1rjweqytd069fdkfab3mh8dr/,3.0k,2.8k,75.9k
193,/profile/xpznvh1h02j59nzacwpwp12n64/,1,112,744
194,/profile/jmy4kagr55ye0fdm1maja5ne44/,7.3k,6.2k,468k
195,/profile/d3v2e4yxkp4kq0hb40dtd3j5uc/,66.6k,33.6k,226k
196,/@myakush/,3.6k,9.5k,324k
197,/@olgaom/,10.1k,9.6k,397k
198,/@falk0n/,5.4k,3.2k,50.4k
199,/@veronika777/,37.9k,16.6k,402k
200,/@bagdasarov_art/,8.3k,4.3k,50.5k
201,/@taniana4/,2.5k,3.0k,171k
202,/profile/kvyr0n3jrcabqj5pm3v1n83f94/,16,160,799
203,/profile/88df6xy3u23fb1mzjna2vmfabm/,0,81,388
204,/profile/kxj7dd1tvk40vzy8zr71hjk328/,206,6.4k,347k
205,/@aventador/,16.2k,9.6k,80.4k
206,/@evashnaider/,6.6k,5.4k,103k
207,/@alvirasova/,194,2.1k,110k
208,/profile/qanxb37vu5yvkxq2e7y301z9fw/,0,85,314
209,/profile/qw33y5q6vmpxt7czacuaqj3hpr/,8.3k,4.6k,112k
210,/profile/76mrk56fw03xm5dyh39989h1ym/,27,560,5.1k
211,/@brutalni_tip/,8.5k,6.2k,85.6k
212,/@richardson/,58.3k,13.8k,45.1k
213,/profile/ukzg0x27gg3dqu0t9gptydb1f8/,1,96,416
214,/profile/yf6jnrfzpbguwbmaywkj0zh9u4/,6.3k,4.1k,73.5k
215,/@komova/,75.4k,44.3k,1.6m
216,/profile/117zg18encnqkjw0p42nwnchcg/,24.0k,10.0k,336k
217,/profile/7qmxjhh17rx9pw5vguu4m9rkag/,12.0k,4.8k,58.6k
218,/@barsusha/,1.0k,11.0k,605k
219,/@golden-mun/,18.2k,10.4k,235k
220,/profile/tcgyjw6cu1mmhb10fbkjgka5k0/,24.0k,16.9k,856k
221,/profile/t7jkudyenpz36nfz0gkbgp9zjr/,47.0k,13.5k,140k
222,/@poceluevak/,7.5k,4.8k,104k
223,/profile/7596um9fw51ejhkxdurv5u4b78/,7.9k,8.0k,441k
224,/@espoir_constellatio/,16.5k,16.1k,224k
225,/profile/m7bt4yvrqhp1eddgk4tt4e6ed8/,11,310,1.2k
226,/profile/5zcqfbw43eddm50cd0d0r23ky0/,7.0k,3.8k,25.6k
227,/@-1/,22.1k,10.9k,174k
228,/@kit_kat/,16.3k,7.1k,49.9k
229,/profile/qw6yh83pnpztq3va6j1kd45m10/,10.5k,6.7k,150k
230,/profile/t4rv3rvf3yk1y6tvqn9wj8bkgw/,0,305,2.2k
231,/@t1tan__com/,3.2k,3.0k,845
232,/profile/wdn675bjhnbvc4aaw3vjj2nw20/,20.3k,15.3k,523k
233,/profile/6g9qku0zctuze7mya9hy922528/,3.2k,3.2k,44.3k
234,/@mikkysun/,3.7k,2.3k,29.5k
235,/@kimhcifox/,18,145,1.2k
236,/profile/pxaxqdwh7thmaun47xyuckzzv8/,98,227,1.2k
237,/@artatema/,64.1k,23.1k,132k
238,/@alekseykraft/,40.7k,11.9k,125k
239,/@armen5505/,284,192,627
240,/profile/aqn9j3j0ccvvn5drayvm1kzyq8/,7.4k,8.9k,73.3k
241,/profile/axcxtrb8tvukgh10kn7x96gdq8/,9.6k,5.3k,114k
242,/@svetlanochcka/,4.4k,2.4k,17.5k
243,/@miss/,24.3k,13.2k,220k
244,/profile/jruc85z9h4hcx5y0c9m9k43zeg/,84.9k,27.4k,328k
245,/@oksanaobolevich/,30.1k,18.3k,282k
246,/@tiana08/,5.3k,2.5k,21.1k
247,/profile/b7d6nxarxz4h1dv7bqx64839wm/,469,493,4.5k
248,/profile/t1auge2v45fnj02ka394y8kqjc/,1.0k,598,1.8k
249,/@newyshka/,7.6k,10.1k,857k
250,/@mary/,8.0k,35.8k,1.7m
251,/profile/3awh44mm2tmh9uacxvnzemtd9g/,10.5k,6.4k,105k
252,/@maglepel/,6.8k,6.7k,189k
253,/@metaphysics/,35,739,25.6k
254,/@olena/,14.3k,6.9k,46.7k
255,/@cansoff/,1.6k,1.1k,5.6k
256,/profile/t74aqk02qkgq6agxc4ar8483tw/,31.9k,20.6k,341k
257,/@kabluchok/,814,488,1.5k
258,/@creativx/,3.7k,5.3k,362k
259,/@lunkypanda/,36.6k,13.5k,73.9k
260,/profile/nfj1dpz7qnqjdvrcjz0my5ab0g/,569,822,17.3k
261,/profile/u5t4v2bm27bwxv5wxxyuwfnhx8/,7.9k,6.1k,208k
262,/profile/gh88bz5yj33jndyhab988rp78c/,20.4k,6.4k,51.3k
263,/profile/ddbnht03jrfwyagw5tqyyvv58c/,1.6k,1.5k,18.1k
264,/@lopatinanatpet/,8.2k,4.1k,29.8k
265,/profile/twtcfvz36fhzky5pz3j8va32mr/,5.5k,2.4k,16.3k
266,/@keller/,22.5k,11.6k,184k
267,/@fox_inter/,20.3k,8.9k,34.7k
268,/@patr/,49.7k,16.2k,276k
269,/profile/nj4bbfmdqf1xkr23gh3fc2tk44/,24,614,7.8k
270,/@zalina.malina/,4.1k,4.8k,161k
271,/@skitalets/,845,6.0k,507k
272,/@misstaniako/,463,1.7k,46.5k
273,/@tatkalabik/,24.2k,15.3k,665k
274,/@monika/,4.7k,18.1k,381k
275,/profile/0q32y25jevc4nerqn2kmj45nhc/,56.1k,21.7k,232k
276,/@avva/,966,639,4.1k
277,/profile/p2tgerdtqzhra7eyytjn7pzarg/,76.0k,24.8k,369k
278,/profile/m5x23tzd8ej5jkvfcte34c7evm/,28.4k,19.8k,637k
279,/@ogon_estet/,11.7k,5.6k,29.6k
280,/@9876543210/,4.8k,3.6k,85.8k
281,/profile/qc5j487t975r5m5fr4y15wewtr/,5.3k,4.2k,78.5k
282,/@architecture/,19.0k,10.2k,79.8k
283,/@skazohnyastrana/,7.3k,7.2k,334k
284,/profile/0audajy4zfznjyz8wx4qehpajc/,9.3k,6.1k,125k
285,/@liray/,46.5k,18.2k,181k
286,/profile/yya1ufbrj32jadk8cdvg8b3ykr/,1.6k,1.4k,16.9k
287,/profile/ekbz0m55y83rz7n3qh258306pg/,5.2k,3.9k,57.6k
288,/profile/jq7dwd7jd885c0mpvkp74q59qr/,3.1k,1.7k,19.4k
289,/profile/1rcyj6j94bx06bcevdfqm1a12w/,22,412,2.8k
290,/profile/rna528vmfqx756eqabfqxrhepm/,39.6k,19.0k,472k
291,/@maumau/,3.8k,3.9k,94.2k
292,/profile/8pg4gx6e3u3whereq7zytkzh7w/,48,83,494
293,/profile/kq9gwdqhfptgrbc10pf639ryt8/,204,216,1.0k
294,/@elen_polet/,16,5.8k,260k
295,/@foodblogger/,36.5k,10.4k,32.1k
296,/@lisachenko/,66,657,4.2k
297,/profile/ekjez6kxce7a7q9cgn6zuecvq4/,3,186,788
298,/profile/jghwrwcb1hhny8fd4fm8vd2a1w/,10.9k,11.0k,264k
299,/profile/5pd6uamy5u8rkg4axqcprbe5eg/,11.6k,8.5k,267k
300,/profile/p288783njyp0vzzqv1r153h89c/,85.7k,32.4k,898k
301,/profile/x3zaqym8tcnupzdz1yht8kttqr/,0,50,198
302,/profile/wv8yxbtj174kwkzb5jpj1h83b0/,25.5k,11.0k,270k
303,/profile/awq007x4mkpu1wjugq7atxy370/,2.1k,1.6k,16.5k
304,/profile/pp7vepdk17erc6cwkfqdtz257g/,578,575,4.9k
305,/profile/4z08bfvcm7pae4mzn3fqqdfgcm/,1.1k,1.1k,45.0k
306,/profile/nb62pa401mx2g9jvgpwhyg287c/,1.1k,905,23.7k
307,/profile/t47104vbeq5ugpxdukexarp2j4/,35.2k,14.7k,123k
308,/@alex/,18.2k,15.4k,221k
309,/profile/20v6npf9du4v1q91nx6q4rdhn4/,6.4k,6.7k,471k
310,/@tatyana/,6.7k,6.8k,269k
311,/profile/4jyeeb0pacbwtq5mzc3efdypwr/,8.4k,4.9k,61.4k
312,/profile/kaxcywa1514rm3a2tjpy3d4ne0/,9.9k,4.9k,67.1k
313,/profile/nyzbg95cdyuc1zza5n8jym0b9w/,7.4k,5.6k,374k
314,/profile/nrb67upyzwyvkbvvujh44t2dg8/,5.1k,2.1k,8.3k
315,/profile/j10cx04pbk9dm1p3f973yz23zr/,4.1k,10.3k,560k
316,/@katya_vip/,6,488,3.2k
317,/profile/4h35umx5mrf8vhq8qz6txyemg4/,9.9k,9.7k,917k
318,/profile/c026axb147t6fr47f13r2b6tn0/,5.3k,4.9k,87.8k
319,/@bird/,2.2k,1.7k,63.2k
320,/profile/z0bfvxre0c0u2apgvgjptpj1q0/,57,1.0k,27.9k
321,/@nail/,93.3k,44.7k,313k
322,/@avm-cccp/,13.1k,7.4k,234k
323,/@tonyred/,10.1k,12.0k,452k
324,/@xxxlllxxx/,1.3k,393,1.5k
325,/@kristioptimisti/,107k,42.0k,409k
326,/@shed.s/,18.7k,9.4k,226k
327,/@13.25/,771,2.0k,142k
328,/@viv/,4.7k,3.0k,94.8k
329,/@unknownuser/,26.0k,15.0k,858k
330,/@sly___fox/,37,207,990
331,/@levivast/,4.9k,4.8k,87.3k
332,/profile/q3zcqtguqzpzcbvt987tzt4mfc/,18.1k,12.5k,488k
333,/profile/j2qzh865hm6435qpmdenma1g88/,3,223,1.3k
334,/@123dinorex/,13,330,1.9k
335,/profile/xfhyv42f9bbut8dckanfwfa64w/,4.6k,4.4k,193k
336,/profile/c8w0yd80qwp2mrz7cvy7p52cem/,13,68,429
337,/@sakin/,10.0k,4.1k,19.0k
338,/@osmyslen/,60.9k,29.1k,290k
339,/profile/hhjmfhp73b0tzuh5227vjtg494/,27,2.0k,32.4k
340,/@destrolg/,27,102,999
341,/@maryia/,12.2k,9.3k,401k
342,/@yu-yu/,10.9k,7.4k,394k
343,/@dragonfly/,15.2k,10.5k,182k
344,/@rakken/,20.9k,8.4k,90.0k
345,/@lesnoy/,68.6k,19.3k,153k
346,/@gifkorl/,3,55,524
347,/@alexrb/,24.9k,8.3k,51.8k
348,/@aannaa/,7.1k,7.1k,211k
349,/@lokko_ko/,58,1.2k,32.1k
350,/@urban/,16.8k,9.2k,137k
351,/@sheshenin/,64.9k,25.3k,349k
352,/profile/htfh4gy2jt43pdyzhh8apdv5hw/,4.6k,2.4k,20.3k
353,/profile/vgxqxvykjdq4m5f1a9uryn2b0w/,219,179,1.9k
354,/profile/ty9ug7w3230jhqw4hy0fxv98gm/,11.6k,5.1k,47.1k
355,/profile/4bt5pnr1crmy5kgyhmt9fmf5c4/,53.2k,23.8k,409k
356,/@entomoloid/,37.5k,12.5k,103k
357,/profile/86qvcz4yhx316b633jc78c7zm0/,425,435,11.3k
358,/@elenag/,8.1k,7.4k,141k
359,/@serg_spb/,2.7k,1.2k,6.5k
360,/@lanasvetikovas/,12.3k,11.0k,520k
361,/profile/adrkgh8eqtpwuzbkr28j3j57xr/,394,581,20.1k
362,/@wu/,0,596,4.4k
363,/profile/4ccrqp2ujbvhgc9p51hgdy6nm8/,27.3k,10.3k,368k
364,/profile/8peb8evr50a5grf14yr09wkwcg/,131,179,1.6k
365,/profile/ebxecjttba9fceu17gu5ej78nc/,8.3k,4.7k,48.4k
366,/@belyashik/,20.5k,8.2k,38.5k
367,/profile/cfz82k32erj2q0w9t5b65mtqmg/,2.0k,2.0k,92.3k
368,/profile/q09cd3h1jycjeq9drbnk695h7r/,974,989,34.7k
369,/profile/f82nt00xwd1450njf2xhnz2f7m/,19.7k,11.6k,338k
370,/profile/cz5f43wupr3dwx9686g6yk84wr/,493,2.2k,95.4k
371,/profile/en8q6ykef2vah03ufnmnqrfmmm/,1.2k,1.0k,23.1k
372,/@ksunia/,605,605,30.2k
373,/profile/cwmfhj83jzzy1y2yad9dzt3qzm/,228,699,9.0k
374,/profile/yaaa3nubc9etq4vua8j9e12j4w/,3,49,138
375,/profile/96wu738vagpxkkqp1rmgvbq880/,8.1k,5.7k,37.9k
376,/profile/yqkmf270a07pq7xc2ae5ajktg0/,1.1k,1.4k,24.7k
377,/profile/n7fqnzjv1ke9t2erpvt37vuufc/,5.6k,2.9k,19.9k
378,/profile/5a269cu67zfb90b5xxdrfz93em/,644,705,3.6k
379,/@sun_moon_eclipse/,1,518,3.5k
380,/@olesya_612/,3.3k,3.3k,62.1k
381,/@d13charic/,8.7k,1.9k,6.1k
382,/profile/ft740hdnc6pm9mn9h9kwkw2y3r/,7.6k,4.4k,68.5k
383,/profile/22zgajbwnx7m9ybxwjzbcq0qqm/,9.4k,6.0k,153k
384,/@frolova/,188,1.5k,58.4k
385,/@slimbimka/,525,342,2.7k
386,/profile/v0730694bkc2mf2vq0qw156vgr/,4,619,14.1k
387,/profile/yp49xxyh21p8m5t99yh74qc4mr/,862,710,5.1k
388,/profile/fnjdadgv0g1bhmgdza1qx432pg/,451,457,3.7k
389,/@47914260/,8.2k,3.6k,80.0k
390,/profile/dgwrduzkpvedm2eyghxyyemn94/,25,769,6.9k
391,/profile/ut4w3dar9c3ncecp1xmyd3p2a0/,103,497,7.1k
392,/@extreme_vu/,2.4k,2.4k,84.5k
393,/@ghostsnowflake/,11.2k,5.0k,45.8k
394,/@amodey/,11.4k,8.4k,230k
395,/profile/tgguv4t04r2jgtqgm3wquv66tc/,6.2k,3.9k,56.6k
396,/@share_my_prompt/,11.9k,10.6k,53.1k
397,/profile/2c1z57jva8fw4yf275u6xvzwe0/,5.9k,2.0k,13.8k
398,/profile/0y3080rmz3q70bn5rwgtgj2n10/,8.0k,4.2k,46.6k
399,/profile/9kep4cgtey91g8d71d1ym6hc5m/,9.4k,5.2k,34.0k
400,/profile/rpc1x15dj0bmnd2t2n6tt9tyyg/,404,333,1.1k
401,/profile/cdft7nvexxjdr9ab0tx7987b6g/,4.1k,4.1k,278k
402,/profile/n6zqgp343uf0dbw8w6hrwg9w6m/,1,299,3.8k
403,/profile/5n878kdv12v5227vp7kz4cnrcm/,11.3k,6.7k,70.8k
404,/profile/r5za9ma9w5z5p857zm86nyx8fm/,6.0k,7.1k,261k
405,/profile/75nm3czkjfbmaj0g1yfh4x9578/,5.9k,5.2k,37.2k
406,/@intell_06/,52.7k,21.4k,87.7k
407,/@great/,8.3k,8.2k,290k
408,/@ip/,9.2k,5.6k,75.3k
409,/profile/aqcx021aup07kn7jyfb326uy1g/,44.4k,14.8k,109k
410,/profile/uuxcexbm57nhbdx31aqae9xcqc/,609,7.2k,286k
411,/@svk/,44.1k,17.1k,78.2k
412,/@hrensgarmoshkoy/,2.4k,2.3k,97.2k
413,/@samisusami/,8.9k,5.0k,138k
414,/@delante/,2.9k,4.7k,183k
415,/profile/3wbvq6d82raey8cw2nqdb27rer/,106,1.5k,14.3k
416,/@rose_muerte/,36.7k,14.8k,267k
417,/@mrfox/,29.0k,18.6k,269k
418,/@secrets999/,2.2k,1.1k,1.7k
419,/profile/x4ej0hdqbtmf20e27c9du830q4/,16,165,776
420,/@jamais_contente/,11.6k,7.1k,86.6k
421,/@angelika_rozanova/,36.0k,14.2k,267k
422,/profile/maxxxfetisov/,18.3k,9.5k,52.1k
423,/profile/787w7nkj2g1jxd3ymdqn20rner/,5.4k,3.8k,153k
424,/@dr.falanga/,600,645,11.3k
425,/profile/3bv211351444yhbrzm87cdzkvr/,9.8k,5.0k,64.3k
426,/profile/8nwu41z9c9kyfj7wpx73fxpqyc/,2.9k,1.6k,16.9k
427,/profile/t9ry9a3057nck3gf41dpqvuec8/,4.4k,3.6k,155k
428,/profile/5jf2uhhdh0byx290g8wedpb7zm/,20.6k,7.6k,98.6k
429,/@katerina_belle/,956,10.8k,260k
430,/@1404/,89,2.3k,70.1k
431,/profile/4b6025vapz2uz517fy8f4z6p20/,17.0k,7.8k,63.1k
432,/@a5trotv/,17.4k,6.7k,58.0k
433,/profile/98n14u9e9uvp28zr062grx612m/,5,734,12.2k
434,/@driven1983/,10.1k,5.3k,89.9k
435,/@gold_phoenix/,4.3k,4.1k,169k
436,/profile/23up1uncf34v8f2g8y4q46ffxc/,2,177,2.4k
437,/@tso/,2.0k,2.7k,81.8k
438,/profile/x4v1ztfat7d6aavkabhztdxwrm/,2,172,857
439,/@juls89/,53,72,571
440,/@helen101/,754,987,17.2k
441,/@kracotav_dushe/,64.4k,13.7k,100k
442,/@maltsevasvetlana/,13.8k,20.3k,1.3m
443,/profile/cw6tx8aj3nt12xbh8nxjyrcjqc/,268,418,16.4k
444,/profile/c65udhvgp5gpjk9gwvuzm77yt8/,342,1.1k,33.9k
445,/@idisuda/,24.9k,12.6k,102k
446,/profile/vw1gwrud8yz5a1406gn3wj8de8/,7.3k,8.5k,354k
447,/@keffyr/,3.8k,3.0k,30.5k
448,/@petroffsky/,1.3k,1.1k,19.0k
449,/profile/1edkre2gakjf0eamv721j52bq0/,2.6k,1.8k,43.2k
450,/profile/q0np8pvxe1uekb0fayw5aqht5w/,14,1.0k,9.1k
451,/@roxy/,15.5k,6.9k,87.1k
452,/@freik_de_silver/,3.8k,1.2k,1.5k
453,/profile/c18kvapwj8351yru14fbem9y7m/,3.7k,2.1k,29.5k
454,/@e_igrushki/,11.0k,14.4k,695k
455,/profile/uejmwu5fyv679h5tupa0q7hnw0/,6.8k,5.3k,189k
456,/profile/2ky6nk220b2gv9a57zefd9h2u4/,3,67,235
457,/profile/6jckde6ug4977m113yagr903w8/,15,429,2.9k
458,/@svetlana_s/,15.2k,6.8k,253k
459,/profile/x2r387zkjadd8dy77a6dv11yam/,18,105,949
460,/@lalfeya/,2.8k,2.8k,279k
461,/@elena_pev/,3.6k,3.4k,107k
462,/profile/qyjgnz747d33846ckurvz6198w/,7,3.3k,191k
463,/profile/agcfrhk3ta9jgbh3uz7k8j3b4c/,3.2k,3.4k,54.6k
464,/@asks33/,12.3k,6.6k,34.2k
465,/profile/3vrb3qjhtpffz5ptqfz5yftwjc/,750,828,10.2k
466,/@alenas/,465,5.3k,259k
467,/@hellgerd/,17,448,18.3k
468,/profile/bzpvnckd4r9md6t3uqnqge0pmw/,20.0k,7.9k,55.4k
469,/profile/4rhpwy8k7v0vx8n1vwxegym7m8/,8.5k,4.1k,58.9k
470,/profile/uu57k0187m0ky1k01zwc72t12c/,1.7k,1.0k,21.9k
471,/profile/jjzf0u4rhkahezv81a5ev0btjm/,11.3k,5.3k,40.5k
472,/@kandys/,434,1.3k,47.5k
473,/@gramp/,928,986,34.1k
474,/@zona.chaes/,16.7k,9.3k,47.1k
475,/@shedevr_ledymargo/,2.6k,1.8k,20.1k
476,/profile/r3v78hdv6jw3bac2rff2fbdd0r/,75,340,2.7k
477,/profile/ahh3wr0gyteex030mmak6yt1q4/,229,223,3.4k
478,/@rl/,48,66,229
479,/profile/rd7kvpkarzmy07qpdd6ke9vhy4/,1,334,3.1k
480,/profile/am8qpw1ybjxz6btnfwq25492bm/,7.3k,6.6k,299k
481,/profile/e16vdqvq9huh3599884xgehj68/,3.0k,1.4k,5.3k
482,/@siren/,5.8k,5.0k,236k
483,/@dumka/,55.8k,37.9k,1.1m
484,/@andrey2023/,34.7k,9.2k,47.0k
485,/@nef/,2.0k,4.1k,197k
486,/@natashasergeevna/,11.5k,11.2k,639k
487,/profile/p3rz2uc6b9hbvj6677x18d0r18/,2.1k,1.2k,13.2k
488,/profile/t6992h3nz044954tnunk9a2tec/,24.2k,14.9k,48.6k
489,/@bukvay/,32.1k,12.5k,214k
490,/@vocado/,2.9k,2.0k,10.1k
491,/profile/p7xx3f7z6b16wrp13puvjm983g/,241,1.1k,7.6k
492,/profile/r4attmj0yqcxgz34rhcnkauyd8/,8.5k,8.0k,302k
493,/profile/58ab4j5xzw2j9f7wp342t1zk34/,389,361,4.2k
494,/@marieaaime/,158,502,18.3k
495,/profile/rmbyne1vn2jztfwc6w7bgf77eg/,4.5k,2.9k,39.1k
496,/profile/8rty0wc2w9ky0mcjwr4ag9mqtg/,5.8k,2.1k,26.6k
497,/profile/4qejqnpegkepxg1b9cqe9068g8/,165,170,1.0k
498,/profile/j7dtpnvkugm7k4z00a0yqah1bw/,251,258,2.1k
499,/@camileo/,7.8k,4.5k,83.1k
500,/profile/37a99nham7kuhv1pr4aa2bt5ww/,432,5.9k,415k
501,/profile/hneytctatr3n4d8e7bxk31d0wc/,889,635,8.2k
502,/@ek.k/,656,652,2.4k
503,/@darkrussian/,38.2k,13.8k,170k
504,/profile/474cp0qgnmthyp74e4whh5355m/,15.5k,5.3k,103k
505,/@aaaaaaaaaa/,1.5k,1.6k,61.2k
506,/@ai_grey_wolf/,49.4k,20.9k,211k
507,/profile/wejy1ety6ryej3rd7kq7nf6m70/,2.9k,3.5k,167k
508,/@viktor_kob/,5.2k,3.5k,86.3k
509,/profile/na9p46tu3tzmqugpmda83zb41w/,5.9k,8.9k,326k
510,/profile/ucn1nwmjt32375928xrdd9rxqm/,22.5k,5.5k,17.9k
511,/profile/b2y665dhj8tgu1ykenrygx4rac/,36,2.1k,73.6k
512,/@lissa-red/,12.3k,6.0k,61.3k
513,/@allmassall/,2.7k,1.3k,9.4k
514,/@cats_crystal/,41.3k,19.9k,172k
515,/profile/u5avvj9a6898mr1yrv9rnn6dn4/,1.0k,823,7.4k
516,/@alexsoft/,1,168,1.3k
517,/profile/r9k7b8ccfucamg9g4tfvv9bfrr/,14.8k,5.1k,44.3k
518,/profile/zfg25v62q4ykp1yxarn1quxu2w/,33.2k,9.0k,90.2k
519,/profile/3q4hyggq9atrfx5z25zj8dpkam/,3.4k,3.1k,92.2k
520,/@eliseevaanasta/,14,1.9k,23.7k
521,/@teran/,4.0k,2.0k,14.2k
522,/@ainet/,4.0k,4.0k,41.3k
523,/profile/1uxymvkzkq9jm56t0rv95ytzqr/,373,422,1.0k
524,/@helen-elen/,41.4k,11.3k,125k
525,/@ab/,153,1.6k,98.7k
526,/profile/8rt6ngp2whwg340683mwbz9ajw/,91,627,8.8k
527,/profile/uj3t1erb977a86r760npz3wn8m/,53.2k,23.3k,506k
528,/profile/72a429bq2fah1penwrwengae3w/,2.0k,1.1k,4.8k
529,/@ludmila/,1.2k,6.6k,377k
530,/profile/k1rtq1nmwte8jmhu19bnzmm5hg/,1,91,627
531,/@art_sonnenfeld/,22.1k,8.0k,73.3k
532,/@kisunya/,1.4k,5.7k,312k
533,/profile/jn4m4jy1k58h9cqxrme3t2hn1r/,4,272,4.4k
534,/profile/8197nf6h2htx1nxr4kp3f6fgdr/,12.7k,5.4k,111k
535,/@makar/,17.0k,11.0k,137k
536,/profile/d3g6phn18ebczjdf8h94d4wmfg/,0,461,2.6k
537,/profile/irinacartinka/,1.9k,1.9k,55.1k
538,/@marinish/,5.5k,3.6k,107k
539,/@akulenok/,6.9k,4.7k,47.1k
540,/profile/0b6dq831ewp2gtmyb4up33ue3r/,9,170,1.0k
541,/@karla/,8.9k,4.1k,21.8k
542,/profile/vne3faeenec1d41f6w2t05vkf0/,483,477,2.9k
543,/profile/prw8k09dqe2jrawz1nnue5f098/,593,4.1k,179k
544,/profile/f35p644yeg6rvzhj5fdm8kq4ng/,3.4k,2.9k,58.5k
545,/profile/egkjamvanajg3ba9uxcra74j3g/,35.8k,20.0k,386k
546,/profile/461q3aypef85r1yded6b62pc58/,16.5k,6.0k,31.5k
547,/profile/y95ym5xdkr0q2zrqndbq7eufnc/,2.6k,2.5k,70.8k
548,/profile/eey9zvd1759701xnvxbzwq8pmg/,5.0k,4.4k,264k
549,/profile/4xzeuwrnt0h3zb4jeuvu31buz0/,525,1.6k,88.8k
550,/profile/wjb5x5ghn5vect7e09qxd7cu74/,3.9k,3.2k,15.1k
551,/profile/2cnhjjwrhf7m7a7dgtux6eet44/,56.2k,22.1k,162k
552,/profile/0m9c2mxu5nq40x63yqr1x8ykwc/,1.5k,1.7k,93.4k
553,/@vs1/,77.7k,30.0k,353k
554,/profile/nq959b8p6ukawxpq2003ru0338/,1.3k,1.3k,59.3k
555,/profile/g4qxug759kynmb1f50awkh4kqw/,18.6k,6.0k,25.3k
556,/@zig-zai/,6.1k,1.8k,10.3k
557,/profile/4g7qf1meqzccnq5z0z5awta2c8/,1.3k,1.7k,70.4k
558,/profile/8fjb5gwmfjc65vd84rhge9uxhm/,0,25,99
559,/profile/ameqaw038agfzwdpv5uw8ye80w/,9.6k,4.8k,44.5k
560,/profile/6j6vc8w01z4eg15jvcgkt3krfr/,2.5k,5.1k,312k
561,/profile/db47kfxxdd2jcmyxpjy1cv86yr/,1,206,1.1k
562,/profile/q9a3h88gqex4hm14v16gt3wm74/,8.6k,5.6k,115k
563,/profile/tygde6rghz2m8m6rymmaw2abzg/,528,539,9.5k
564,/profile/77j3e39cc264xbayykjhnv1fd8/,157,435,4.0k
565,/@taro_online/,5.4k,3.0k,27.0k
566,/profile/j845rj4qn6wxehdu9bunvmb9m8/,2.4k,2.5k,150k
567,/profile/3g88j1har6944udp8bruzyh6rr/,1.3k,1.1k,12.5k
568,/profile/v4ndm82a1qthu35k27qqg7kmrg/,205,1.2k,37.0k
569,/@mantrov/,310,645,8.1k
570,/profile/9za44j8yj6puh8xxqy27aedf44/,706,375,2.6k
571,/@oleshiik/,1.3k,1.2k,34.2k
572,/profile/4nptmywptw8tb69tanpcuezeug/,4.2k,3.1k,76.1k
573,/profile/ra0yqx8w8mgxhjx58k4zxn8bb4/,1.6k,1.5k,55.9k
574,/@paraglay/,50.0k,10.3k,129k
575,/@nataliv/,7.9k,7.6k,237k
576,/@superpolly/,4.4k,4.8k,145k
577,/profile/bpevxce6k4atkpqvtknqgz05u8/,533,5.3k,324k
578,/@zabey/,2.1k,2.1k,128k
579,/profile/f4pb899cv848nggxqfwa928rmr/,1.4k,2.1k,72.6k
580,/profile/atme5bm1y61d835fqpbcf0ehc4/,8.1k,7.8k,484k
581,/@alexkilgur/,6.2k,3.7k,51.7k
582,/@kimiyakjik/,41,119,884
583,/profile/29vu8uenxxh02vtfrwzg61ckd0/,21,861,9.2k
584,/profile/1ttthjz6exyvbtt4qe7rjvk508/,9.5k,6.4k,241k
585,/profile/jf825q69nt113wke3fxwphuk5w/,471,1.7k,73.6k
586,/profile/0z6e9m2u1bz2hxh865w53b3e9c/,3.6k,5.2k,222k
587,/@shalnoy_kotyara/,4.7k,2.7k,30.4k
588,/@sa/,12.4k,10.0k,572k
589,/@mrumenok/,15.9k,11.5k,237k
590,/@kakoitohelovek/,0,25,111
591,/profile/1hhrmkvch6a766nzqeqyrgw31r/,212,237,1.3k
592,/@voobrajila/,37.8k,17.0k,226k
593,/profile/pw32uehgr5mrve5gzccemerc54/,29.3k,13.3k,220k
594,/@myrules/,131,2.7k,337k
595,/@megadrex/,27.2k,14.5k,640k
596,/@liaart/,9.8k,5.4k,43.6k
597,/@ty-134/,2.7k,5.8k,311k
598,/@andreishalaev/,3.8k,3.7k,122k
599,/profile/at9vpfcbanayt2f8gzr4urg3wm/,1.2k,927,13.0k
600,/profile/6ay1ca9ab3qrg24jyqha9rfjv0/,929,688,4.3k
601,/@levinnikolaj630gmai/,1.9k,1.1k,7.5k
602,/@manni/,11.0k,4.5k,20.0k
603,/@happy_artist/,7.8k,4.9k,52.9k
604,/@laskavir/,366,1.0k,83.8k
605,/@pixqix/,120k,14.5k,86.8k
606,/@goose_killer/,4.0k,1.8k,13.4k
607,/@kseniia/,800,3.0k,182k
608,/@nealina/,11.9k,9.2k,125k
609,/@deniska/,5.0k,2.8k,52.7k
610,/profile/qzatzj15hgaqemcehjpu4f92y8/,998,783,1.6k
611,/@a-s-ks/,21.1k,11.0k,185k
612,/@daria/,2.4k,35.7k,1.1m
613,/profile/4qux52jk9u1hz9mbbe8wtp0myg/,661,1.2k,26.1k
614,/@kudryavy/,112k,46.1k,521k
615,/@ursulina/,7.5k,4.7k,77.6k
616,/profile/6x76ucc695x7j63uuym7fjknhg/,5.9k,2.3k,16.7k
617,/profile/f36xp4c6qk4b7tjm74y55z7x9m/,7.8k,3.9k,28.7k
618,/@zanoza/,769,2.0k,114k
619,/profile/4a5p11e4ttqz0m83nthdtnrxvm/,1.6k,1.0k,6.0k
620,/profile/ubhdcx4b76nmumn1d37p5td3rw/,1,30,114
621,/@juliya/,8.9k,7.0k,174k
622,/profile/x10dtdqfhprej08r9xx3zprbem/,290,2.0k,114k
623,/profile/zr95cwa9ykggpyn2venbc8g278/,4.3k,4.6k,135k
624,/@roman88/,13.0k,5.9k,19.0k
625,/@filatova_art/,1.3k,1.3k,56.0k
626,/@yuri...w/,755,755,24.1k
627,/profile/fqujmtwggkhm4ktg981j4px2fw/,4.9k,2.4k,19.0k
628,/@fjirchoo/,862,3.1k,149k
629,/profile/nrmdf0ukgeb462d3vja9mbru7w/,25,57,336
630,/profile/y11kda213598du4yuafybme4z4/,921,734,15.1k
631,/profile/539qftx9zcfxyqw8wr74pdwz1m/,23.6k,12.9k,147k
632,/@svetocheimoix/,193,766,22.2k
633,/@knizhnik/,5.9k,3.1k,35.0k
634,/@beauty_art/,1.3k,3.2k,86.6k
635,/profile/c4vx2cvf8kutjyvcu65nfxkpmw/,3.0k,3.0k,97.2k
636,/profile/Maximstain/,1.0k,634,1.5k
637,/@xyutx/,2.4k,1.2k,13.8k
638,/@innormizm/,77.8k,22.3k,328k
639,/@elena_mart/,17.6k,10.3k,341k
640,/profile/jtnw2qg39y911h3xyar7gbrqbm/,177,631,5.8k
641,/@slava_k45/,229,3.6k,257k
642,/profile/xcnyd7d682fmw9y4mujptwaxw0/,3.4k,6.0k,317k
643,/@geller/,7.1k,4.7k,155k
644,/profile/747ddwv0b9201v1erhy2p0kpnr/,201,235,4.4k
645,/@zonau/,12.0k,8.3k,237k
646,/@godstar/,246,1.0k,79.1k
647,/@helgahappy/,2.1k,2.1k,68.7k
648,/@igorelovskih/,42.7k,15.8k,77.6k
649,/@neuroslove/,5.6k,841,1.7k
650,/@lubov2024/,236,238,1.1k
651,/profile/m3jdd364ctex8wzg37xhrbace8/,13,261,3.4k
652,/@dejalita/,5.2k,3.5k,25.6k
653,/@bond/,15.6k,8.2k,133k
654,/@choco_ice/,2.9k,3.4k,111k
655,/@akylalalala/,7.0k,4.8k,39.0k
656,/profile/pumftf76wv0c34r9fjpurrrccc/,15.0k,8.2k,248k
657,/@a.a/,8.3k,5.4k,99.0k
658,/@vladkondras/,74,403,6.8k
659,/profile/pr7r1wkhkj1vkq6nqv0dt8a0kr/,118,1.0k,5.5k
660,/@takiza_pie/,4.5k,3.0k,51.3k
661,/@maksim2004/,18.7k,7.2k,38.0k
662,/@iammary/,898,807,5.4k
663,/profile/q5mkfdn3w25xe40yjumw9d8u4c/,7.5k,7.0k,156k
664,/profile/eqtqmj5u861j7jx9b8tedxnbcw/,391,465,3.2k
665,/profile/mrnn2c7fnt8yqdjce1b8m8tuc8/,5.7k,5.9k,191k
666,/profile/f40u0bbt076nr6kxddr5kckjr4/,909,976,17.9k
667,/profile/bf13k12b5y19ena3qwdwdb25br/,11.9k,4.9k,54.4k
668,/profile/9jevtr2593xwemj50gvkwj92wg/,82,1.4k,62.9k
669,/profile/pjyr8e7qh22ha8hjw6wz24yt8g/,16.3k,8.2k,79.9k
670,/profile/ewpxrj41pau6bv0vca1bz07j0r/,804,1.6k,15.7k
671,/@magic_knight/,172,4.1k,183k
672,/profile/3255b058z56zfvn3q8qh694aj0/,1,218,1.7k
673,/@natalia_tmn/,12.8k,7.1k,122k
674,/profile/wff71578j9e5hpbu8mhmctm2q0/,17.8k,7.8k,124k
675,/profile/5brzp5bypd2j22dvur87mqa19c/,2.6k,2.6k,55.2k
676,/profile/tqv92ay8xgng1y1kayj6fy4vqc/,6.0k,6.5k,204k
677,/@helenb/,47.5k,18.8k,164k
678,/profile/evca4heetqbjrg9ncbaxu0w8jr/,1.2k,1.2k,25.5k
679,/profile/0drv6yehk8eggg5zavjgd7dc04/,223,149,369
680,/@brusni4ka/,1.1k,2.4k,95.9k
681,/profile/qwvgmjpap70rbpbymbv5ydc3p4/,2,137,631
682,/@lidat/,385,1.1k,13.5k
683,/@dracoalexmorgan/,1.6k,1.6k,23.7k
684,/@draco202301/,827,836,13.6k
685,/@olya_cat/,8.0k,9.9k,319k
686,/profile/4dcbc5v34wabj0vde2qm29zmfc/,4.2k,3.6k,52.8k
687,/profile/9xezep771jfddh5hagx3qc2v48/,3.2k,3.0k,134k
688,/profile/thvrxfj6k8f3uxbhmv2ze0n8yg/,1.2k,1.7k,67.5k
689,/@katrin_kotis/,2.1k,2.1k,241k
690,/profile/fd5884w1um6920j58trn8rw6rg/,4,60,281
691,/@vs_magic/,5.7k,3.3k,46.9k
692,/@denchetto/,232,1.2k,36.6k
693,/@shredevrum/,376,2.4k,91.0k
694,/profile/c73n7vk7u8jmmnn144nz9mhx7w/,527,282,1.3k
695,/profile/x5jd6drzp43ng10dvaz2ffwewg/,1.0k,1.0k,43.5k
696,/@ozozoz/,1.6k,1.0k,3.5k
697,/profile/az9kq2b4hypbb6mgqf60vmuxmc/,10,109,854
698,/profile/z617y3q0p5kc45nxjzaaa8pd10/,359,1.3k,67.8k
699,/profile/x59ue18zhu1wkew9actxbw4dxw/,43,317,12.4k
700,/profile/mhawe5dywxw03k0jgnxh1ccv44/,62.0k,23.1k,240k
701,/profile/7qhyw200dk7z1xkymy9ebkyguw/,697,926,40.2k
702,/profile/uxgyhtaj94d0wg9g80arde8jug/,5,83,560
703,/profile/ma9fha7q534yqt23y8txuz78vc/,809,814,7.4k
704,/@izuymka/,122,572,7.7k
705,/profile/r4a3nanggeqhnhwg0t335bz5e8/,1.6k,1.1k,9.3k
706,/profile/j3yfcuahztypt0hj504xyx6j2r/,301,303,2.0k
707,/profile/fx9fkjjwq1avqbfe6vppkkg520/,1.2k,1.6k,63.8k
708,/@dark_lady/,2.5k,2.5k,74.2k
709,/profile/bn8keac2ycz4ra0kvey1gg2b7w/,35,1.1k,10.8k
710,/@bazhenlex/,27.5k,20.8k,524k
711,/@lumpick_li/,136k,40.7k,513k
712,/profile/2kxv1w5a5jrvvefhge4wytnc4g/,9.5k,6.6k,219k
713,/profile/gdnakq71ceh6m8pwt14kb6knyw/,226,2.9k,138k
714,/@treefery/,43.7k,21.5k,785k
715,/profile/ep8ffjwj0h0zycd34hty1yxqg4/,3.3k,1.7k,8.6k
716,/@jblizz/,7.5k,7.2k,261k
717,/@psimen/,848,2.0k,74.1k
718,/profile/ugb04yrx0de1xmxjpkv6ppwcq0/,2.3k,2.1k,127k
719,/profile/2j46mayrzgptub8xru3a0q68a8/,6.9k,3.7k,34.7k
720,/@kineziosvet/,30.0k,12.3k,101k
721,/@alisa_lisa06/,802,790,9.9k
722,/profile/fvquczdrvwtxzqbtbbj755atpr/,10.6k,4.9k,114k
723,/@micsoft/,204,202,2.1k
724,/profile/3dvxk1j0zpzydzbytnkh6et2nr/,1.2k,843,12.2k
725,/@pingvintus/,5.0k,3.8k,67.4k
726,/profile/vn1a0rn8j7nnx6qd4tpajpu8t8/,10.3k,5.3k,53.0k
727,/profile/7yeqd0fze4hpjbd606b7ugp638/,3.8k,3.2k,217k
728,/profile/6wr93bv94t8brypdge1qgb359r/,8,25,105
729,/profile/4mdygjr9z6ux1kq3f5cndq8gcc/,3.1k,1.2k,6.6k
730,/profile/b2kkmy2vbdua6ppeabtt1ybrpg/,1.9k,1.5k,15.7k
731,/profile/gjm27xc1vg78494nr29ytwp56c/,871,667,5.1k
732,/@medsplav.ru/,48.6k,30.3k,372k
733,/profile/28pkyqn1gzdepzpdaapjjkvgqc/,841,855,7.0k
734,/profile/a6xdz58kv3wdcz5wvvutqpwf50/,79,564,9.6k
735,/@aqualerine/,521,640,24.1k
736,/profile/3a9y03cduktc9zrbf0ymwdhjy8/,2.6k,3.6k,297k
737,/profile/pj3pd8utjm46yhdeen8c8xrjtc/,521,2.0k,128k
738,/@elvirab_va/,200,4.6k,136k
739,/profile/49hawegrg4zzawm8t6qfmgx10g/,2.2k,1.3k,12.2k
740,/profile/t5qdxdbfyg4enzu53b4b5qa51m/,2.6k,6.4k,268k
741,/profile/kdyhmrr4h4vk4082zxu3ynwg6m/,4.7k,4.5k,303k
742,/@nataliya/,101,1.2k,28.5k
743,/profile/88xxtwuccuq87xzm6uyku5t1dg/,796,671,4.9k
744,/profile/05ah155r7x5d8nanjxxc61ypd0/,1,320,2.8k
745,/profile/zcm8unq529a95wxyme2c74h6um/,7.9k,5.2k,105k
746,/profile/t0nc9c9phadv2dz2mkb8hnkpf0/,2.9k,1.9k,80.9k
747,/@zz_z/,6.2k,3.5k,35.5k
748,/profile/hnfn8n3q9hnfrgaz1puqnnm7rc/,1.4k,1.1k,5.7k
749,/@tanya/,1.6k,1.6k,55.5k
750,/@bipolar_fox/,1.1k,1.4k,48.5k
751,/profile/0460qbgjx2jqnd6h5cjr40rznw/,2.4k,2.7k,265k
752,/@son1488/,7.0k,4.9k,116k
753,/profile/wdq1zx15xdb8414mphcjee9r9r/,2.0k,1.9k,59.7k
754,/profile/9fzbdqb0vj83j8vn57vvq88pm8/,9.3k,4.7k,30.5k
755,/profile/ndbcvxda8xkwbnjt6m53qe6hbm/,686,656,7.3k
756,/profile/bvrgdyhdut3gman9ff6nw447jr/,89,88,421
757,/profile/r2et8te24rmg9696te6xr8qc00/,2.8k,6.0k,153k
758,/@yungstar/,74.6k,26.2k,183k
759,/profile/pr88kjwyjy25ng9r0vmpp5w8kw/,2.5k,2.6k,144k
760,/profile/0ec6q8pym3rjtt749uvedbg8y0/,7.9k,34.7k,1.1m
761,/profile/13cj44dpf4u8k67y0ch6xxcg2w/,2.3k,2.0k,65.3k
762,/@the_first_sunrise/,283,2.2k,118k
763,/profile/nmd94n2cgryxb5d9a2nu2ggrk0/,1.7k,3.1k,182k
764,/profile/fdzyz55mb4njeau058dfupubc8/,85,156,742
765,/@vikent_ru/,17.3k,7.8k,236k
766,/profile/5cb1ndtn1vq8m6a1rhqtc9t0xm/,1.8k,744,1.4k
767,/profile/tj9vqp8hctnw7jz18vxy49utq4/,3.5k,1.5k,9.3k
768,/@savll/,185,1.0k,64.9k
769,/profile/w1edbdr3de2bhmq6xd69kccwmw/,687,1.1k,21.8k
770,/@servutyuliya/,94,1.1k,16.8k
771,/@lanap/,39.4k,14.3k,221k
772,/@vaitl/,29.2k,12.5k,112k
773,/@letonebo/,284,2.5k,203k
774,/@medved_grizzly/,38.8k,16.8k,149k
775,/@father/,11.3k,4.8k,49.5k
776,/@gd/,65.2k,13.0k,138k
777,/profile/9qcr3f6dpk4nhrek4e6mvgvud0/,4.1k,4.7k,152k
778,/profile/h1m14djkvfwj8pytfbfgb24pz4/,7.1k,3.8k,41.6k
779,/profile/79wn5ddpbmztm6pbdavr76zvbw/,4.2k,1.9k,10.8k
780,/profile/d8xzzt2pm36bt5k6g2zc0ghuw8/,30.0k,12.8k,409k
781,/@qwesa288/,7.1k,2.6k,17.6k
782,/profile/g1m7un4mbgpj2cykha6jaawvgw/,37,1.0k,45.7k
783,/profile/jkpkpzx8xrk9fkqx48zvp5kdtg/,23,1.6k,23.8k
784,/profile/a2tq5c3zeg10689x8mhhhp9tq8/,32,193,2.4k
785,/profile/r4fpegg8vfzeed3dzwzj1vk9rc/,749,892,26.2k
786,/profile/tp014hx8herp9tg0h5vy1jqbcg/,10.7k,7.2k,127k
787,/profile/v8u8j5nrvaapzy9dtj6q34g230/,5.8k,3.3k,58.3k
788,/profile/yh5zgaz3tdh60br3d7hbdb8p7w/,378,377,4.7k
789,/@den4ik/,7.0k,8.5k,302k
790,/profile/133dgpydjrm5k3hy0g5wbzcnc4/,2.9k,3.0k,96.7k
791,/profile/fmun8meqvxzx9fnn79k7unrcc4/,6.6k,2.8k,20.7k
792,/profile/cvu8g24ymx20r393d16tg927x4/,609,593,6.4k
793,/profile/da2np1xudgnhvug8rt29pj6xw0/,4.3k,4.9k,123k
794,/@marumaru/,2.3k,1.4k,27.9k
795,/@nice/,2.0k,3.1k,110k
796,/@linalee/,3.0k,4.4k,129k
797,/@megera/,15.5k,10.7k,364k
798,/profile/1kx1t7faqaeu2jbvf4f11vmddm/,4.1k,4.0k,64.1k
799,/profile/yn9zxftkre1r1qw2cttpktbhxr/,2.1k,1.4k,25.1k
800,/@mrphoenix/,1,84,371
801,/profile/mr07gbzc1wbt1ea3urava88wa4/,36.5k,11.7k,127k
802,/profile/t96qunyg5yqeh04he1puzenm5c/,10.9k,7.2k,362k
803,/profile/3wdvyjzfvwy5ydr9t5wruhub98/,1.4k,1.1k,10.9k
804,/@sowilo/,262,1.3k,151k
805,/@violetta/,96.7k,19.9k,586k
806,/@next.ru/,12.7k,6.5k,123k
807,/profile/f0kmq0wzax8508kebxnhjd61mc/,0,281,3.7k
808,/profile/69gefm3e991mw2mq4rhd92maa4/,3.7k,2.7k,111k
809,/profile/mv8mgx84g4hdv67zx2tfpgjg6w/,5.0k,2.7k,56.3k
810,/profile/19722qykagy4k70f0j4r330g54/,3.7k,3.5k,204k
811,/@marinam/,961,947,26.2k
812,/profile/bu7a3vuvn0jwbc224wcck45rdw/,1.8k,1.7k,50.4k
813,/profile/kkq0c6y2zw3hg3c7106vxfff1m/,5.7k,3.1k,27.4k
814,/@schahtaobmen/,4.2k,1.9k,7.6k
815,/profile/9z7kj8kaagub8ubw5kqkrqcq4w/,45,309,3.3k
816,/profile/tjef3q3320bkwtbnhcp5m7ppgc/,3.0k,2.3k,25.7k
817,/@cat/,44.6k,11.4k,104k
818,/profile/wkgxz4nbx3eh8b002dkvctq2d4/,7.5k,4.6k,58.8k
819,/profile/dpemzv6hcgdezw354dkjrn0vx0/,1.4k,2.2k,85.0k
820,/profile/22hv3xdddu1awt7mev0jjd55e0/,4.7k,4.6k,258k
821,/@y.milka/,3.6k,3.1k,32.1k
822,/profile/44bvd2860y42ktkp71962t1pk4/,4.8k,2.8k,31.6k
823,/@venityone/,18.2k,12.6k,190k
824,/profile/9k0thmn0zy360a9arwmy12ebfm/,463,503,4.8k
825,/profile/08rccwz0ewx7wwat65ebqcz97g/,6.7k,3.7k,30.5k
826,/@annakvrn/,2.5k,2.6k,49.9k
827,/@serg_gray/,398,465,15.4k
828,/profile/qm89eyhukkcny9gvaw3wqwn2dc/,1.8k,2.2k,101k
829,/profile/vt3dwybxc7a3a2q20au7wnzb0c/,18.2k,10.0k,528k
830,/profile/etdq985w6m97hpc395pxu4vbfg/,2.5k,2.3k,58.0k
831,/@belana10/,1.8k,1.9k,47.2k
832,/@angry_kween/,1.1k,1.6k,89.7k
833,/@annablagodaty/,10.6k,5.3k,117k
834,/profile/ee8b2anne09zn1dg1kr0r8exum/,676,1.3k,43.6k
835,/profile/k3qk1b9kydn19yh4jq56f9nmgc/,1,140,640
836,/@elenasolnze/,3.0k,3.0k,150k
837,/@isilfor/,1.6k,1.5k,42.4k
838,/profile/7anh39w9gf95wx989ve84xq204/,14.3k,8.6k,106k
839,/@yaliliya/,15.2k,7.3k,168k
840,/profile/zzjqbpuyf6n34k05ttrucvc9g8/,156,2.8k,119k
841,/profile/ae1qw03577tqqcwq8dy96cmga4/,1.0k,996,6.5k
842,/profile/berezkaiirina/,99,101,639
843,/profile/hdpzh733c9yaw235bhh0npfmcw/,976,842,14.1k
844,/profile/x1hp7m1q61kgpkjuzc62c9pmb4/,81,70,384
845,/profile/h77h2yp5rgzer0t87mqbqnn1fg/,670,678,10.4k
846,/@errrotic/,95,736,11.1k
847,/@doglover/,917,1.2k,31.4k
848,/profile/9c4gay2mr4cc2wq4hatc0g5jag/,3.6k,1.3k,2.5k
849,/profile/ah95d564ct4rdrym4n87my8d4g/,16,213,1.1k
850,/profile/SYUZANNABORZOVA/,9.6k,7.1k,101k
851,/profile/7dx1cr2j49atb2vhmcekrz26um/,7.0k,6.6k,516k
852,/profile/d75u6r8qbya196dtjm5xvmvkrc/,14.4k,6.1k,33.9k
853,/profile/3747zx4x2qpn1cau0ryud1t51g/,21.6k,13.4k,430k
854,/@powelitelnica5kotov/,3.3k,1.8k,12.6k
855,/profile/fbx3995jamazjc3mmzk3252jg8/,218,277,4.1k
856,/@bria/,82,2.6k,248k
857,/profile/jnuz0w1trphyrgex64n16tuhm8/,162,177,1.5k
858,/profile/77mq7x4n959hgzzpfgf5prjfwr/,1.0k,1.0k,36.0k
859,/@aysik/,5.9k,3.9k,56.0k
860,/@alexobrin/,9.1k,6.1k,54.8k
861,/profile/8akt362nxtw58bwxpx0tgnpywm/,180,1.5k,87.8k
862,/@andrewcassel/,8.4k,4.8k,122k
863,/profile/rkxuzazga0e9tn9jn7dp78vp0m/,5.3k,5.1k,137k
864,/@vale4ka/,14.6k,6.1k,115k
865,/profile/zpqx2kkruryew1fzgjwtb6dngw/,12,41,141
866,/profile/rveu3wkwdbcweubeqe8t2qhuuw/,3.5k,2.8k,105k
867,/@jaroslayer/,10.7k,5.6k,104k
868,/@kseniyasugako/,901,750,27.8k
869,/@darina/,3.8k,7.3k,289k
870,/@kollaps_evil_empire/,669,673,12.6k
871,/@artem16/,28.5k,10.6k,103k
872,/profile/r27a2jx1h0pfdyjjuy2ppf1p4g/,30.1k,13.4k,144k
873,/@gor_art/,444,3.5k,146k
874,/profile/bjcrjq2nr1cwkrdx9m947yzpc8/,5,522,10.8k
875,/profile/2wx10rt88ww2n38gbz10fztrv8/,9.6k,9.0k,352k
876,/profile/n9qrqc4m5qhnhd57v0w2bm54bm/,4.7k,3.4k,159k
877,/@extraviz/,44.6k,18.3k,114k
878,/@stonestorytelling/,510,1.7k,66.9k
879,/@medveditsa/,250,900,32.9k
880,/@brume/,387,593,26.6k
881,/profile/wm31t1mf5udkdkm6ayjzxqpzxr/,22.4k,9.6k,71.7k
882,/profile/xrbduq4bt7zjvyvc2054x8168g/,391,905,45.6k
883,/@280712/,744,617,2.9k
884,/profile/w1767gk8htq3nuhxmr4be0guwc/,200,1.2k,2.8k
885,/profile/wtxcv0hd5wk80qr1mawuyyj7rm/,21.5k,9.4k,68.9k
886,/profile/puk5ax3an83ex0xvnmw5qkdf1g/,3.2k,2.4k,48.1k
887,/profile/kbhuckz9a6ymetmjbh1m6w0x80/,775,472,1.3k
888,/@amir1000/,3.0k,1.2k,7.8k
889,/profile/5kun231hafakq9kmybnbr0p9bc/,3.4k,3.3k,190k
890,/@anies/,13.9k,7.3k,103k
891,/profile/km8vu3r8xmycuzhqf4ry42qkx8/,1.0k,1.0k,58.4k
892,/@pachka/,45,322,7.0k
893,/profile/pushkin24av/,7.2k,6.4k,42.9k
894,/profile/qmtteaa4k52p7xvfhd4k4wqd6m/,8.3k,3.5k,85.0k
895,/profile/z90g6ccwdgwxzpk3mh7mw6qj84/,965,529,7.4k
896,/profile/78kvapxkqvwxcc80z4gv6em8xm/,14.0k,7.7k,134k
897,/profile/1zfm2e3r2tvj5kaw4teudceutm/,191,191,4.7k
898,/@leschiy75/,7.5k,5.5k,249k
899,/profile/y2rd1n4magy9gw27k178b50hwc/,2.2k,2.2k,95.7k
900,/profile/45jqq5cx7xc1m26zurmw6qtcqg/,17.5k,7.8k,57.2k
901,/profile/7aebg5baggr41117bpafj65rmw/,3.0k,1.9k,23.8k
902,/@nikadragonrockstar/,5.4k,2.9k,20.3k
903,/@tanli2/,10.7k,7.2k,230k
904,/profile/91gabbkkxtcjzdtten91e5pfu4/,1.2k,1.6k,30.3k
905,/profile/n8ykxeyamu9zn5dhb0vt4jupq4/,106,371,4.3k
906,/profile/pztpcfp2rxkfebux3ctv9a6cj8/,12,87,539
907,/@atim58/,5.6k,6.5k,159k
908,/@natalias/,411,2.6k,106k
909,/@ejiki/,1.5k,913,3.2k
910,/@iva/,9.7k,4.1k,27.0k
911,/@vell/,5.6k,4.4k,209k
912,/@masha-isterika/,1.8k,1.4k,40.5k
913,/profile/qztm6c77wmnzugnt7x1357n3a4/,9.1k,3.6k,24.4k
914,/@lenadjun/,5.1k,5.5k,273k
915,/@mirage1991/,25.2k,8.8k,90.4k
916,/profile/uwm4cnxn030jtpvwewe4uk9cfc/,496,493,17.9k
917,/@elena27/,2.0k,2.6k,125k
918,/profile/kqh6j3pm8ptkggg6f06zmcm71g/,715,652,16.8k
919,/@mar_gore/,101,1.3k,98.1k
920,/@liubov/,651,1.7k,66.3k
921,/profile/jtv3f93kqxqfqtttjv0yf0evbm/,2.7k,3.2k,102k
922,/@lili2/,882,736,18.9k
923,/@idaartjewelry/,614,1.0k,14.7k
924,/@ozhereleva/,1.7k,1.3k,43.6k
925,/profile/xqyeapc87v5cyhpmf351am2vqw/,6.2k,2.5k,10.1k
926,/@gerald33/,88,99,418
927,/profile/hw3tvmf0p58rzegbm91m8eu5w0/,3.0k,3.8k,510k
928,/@natali_love_art/,5.3k,3.6k,106k
929,/@katey404/,5.9k,6.0k,158k
930,/profile/08957w2qkjew89zg0d3kqw69jr/,475,1.3k,114k
931,/@buda/,21.4k,23.2k,189k
932,/@irinau/,3.4k,5.3k,238k
933,/profile/wegfyn65ap4dptruk6c90np2pm/,5.5k,3.2k,77.7k
934,/@feera/,578,1.2k,33.5k
935,/@lisa23/,6.3k,4.5k,238k
936,/profile/rt5rqj8vc7uyfczhuhb2hnmczc/,253,239,1.8k
937,/@president/,23.2k,13.0k,15.7k
938,/@vedernickov.ru/,9.9k,9.4k,97.2k
939,/@natalia_kukartseva/,129,188,1.0k
940,/profile/9yabd3a9px6gfa0t5vgw0d6za4/,5.7k,3.1k,7.8k
941,/profile/eu9kvcc485w7hdjjczbpf1w01m/,4,55,309
942,/@karma/,6.3k,5.0k,141k
943,/profile/mcdch5kx6r4pr405tbd060t7wm/,3.7k,3.0k,120k
944,/@kali/,13.6k,9.6k,239k
945,/profile/k07e9n9pcctu5uyubgdz3f99wr/,2.7k,2.3k,136k
946,/profile/cdx1rqycj2d3cp00u10u6urd30/,4.2k,3.7k,126k
947,/profile/g6k0yk8wcb6qm2qnry06hxgndg/,602,798,16.4k
948,/profile/4x96qk5h9dwj3rvp0uczxwfp1r/,3.5k,2.2k,13.2k
949,/profile/9jpkz4az14k341vzp1huwvr37c/,2.6k,2.5k,68.0k
950,/profile/Remonttehniki56/,12.6k,6.2k,118k
951,/profile/639yhc4y8k1t0zyfjzuaqxcy28/,4,286,3.4k
952,/profile/86k39trvr6qda25vctarw4w720/,6.4k,4.0k,107k
953,/@timka3xa/,0,223,2.4k
954,/@svet2023/,4.0k,3.2k,108k
955,/@maharius/,3.2k,2.0k,15.9k
956,/@harliquenn/,843,758,7.6k
957,/profile/zy43rhjn5nyydk412zd7uk9t4r/,4.5k,3.0k,54.6k
958,/@avdeysh/,128,415,6.2k
959,/@pchelka62/,2.3k,1.6k,21.9k
960,/profile/29wckt1qywygr39ybpev8n1aur/,5,92,650
961,/profile/h3cz0xnx8frm6q9ntuw8euf9eg/,1.9k,1.9k,11.7k
962,/profile/px9hu4wej37wyxx4z4y0prw0t4/,1.4k,1.4k,34.5k
963,/profile/d3hxa1m8g19tk9gx8e0ymzn1dg/,12,1.5k,40.2k
964,/profile/hc3ct5pzkwc07w9gfp6wdhbd44/,3,269,6.9k
965,/profile/x9twdjk8r0xtquwvj3jtyz5m6r/,1,33,258
966,/profile/horrorkartinki/,191,2.0k,116k
967,/@krisvo/,1.6k,3.6k,130k
968,/@elena_zologina/,955,1.7k,103k
969,/@svetlezok/,8.3k,5.6k,176k
970,/@resonata/,90,3.0k,131k
971,/profile/vh9fy21q9e63z68yftea2juzy4/,455,1.4k,90.5k
972,/profile/mu951m4ptcbyja0v56r6m2pnzg/,247,132,441
973,/profile/gyw9uaayny1q2x4gc61zdqwh3w/,58,270,5.5k
974,/@aniila/,303,1.2k,83.2k
975,/@galinade/,12.4k,3.9k,50.7k
976,/profile/g86ta58g98xuxv8d9ufaf0px9r/,46.8k,21.4k,138k
977,/@artibelle/,302,1.7k,95.7k
978,/@july/,193,183,995
979,/@pokaifu/,2,87,537
980,/profile/bx0y3vcu71jeemy2q5kr8ng610/,598,365,1.7k
981,/profile/xftthb01wpkqzzc90evtk1q1ew/,255,247,1.3k
982,/profile/1ubbr9fcn1dbwmu7qq5wwwdud0/,8,55,250
983,/profile/jurjdbqx3pfcb3m2hvygm7fp5r/,60,125,934
984,/profile/9h6zhmemucwkr3m0m78z2chzc4/,4.2k,3.8k,72.0k
985,/@yanayana/,150,443,13.0k
986,/@big_faretenneg/,1,1.2k,79.0k
987,/@shurik/,106,1.8k,120k
988,/profile/u2myezbt88gxktmepfxkjanerw/,4.5k,3.1k,49.5k
989,/profile/yed7a0325bgpeu5ycdd3fgj7xg/,2.4k,2.4k,41.7k
990,/profile/fmnr3a676ty6azyqn9fba0rgz8/,2.9k,1.5k,11.1k
991,/profile/d2vjwy6bvwv8nmg8bwtgayeqz8/,1.7k,1.3k,90.7k
992,/profile/v5egyufhk2b9fa5njtgz5r6vug/,7.5k,4.5k,79.2k
993,/@angry_kit/,4.8k,2.5k,19.9k
994,/profile/4kedr85q3h6u78gr8btbxeg69g/,814,1.0k,47.3k
995,/@tsdubrovina/,98,122,752
996,/profile/x345v1rqdect4497cxndm1cpac/,417,533,17.0k
997,/profile/kochetkovavaliusha/,11.5k,8.2k,714k
998,/profile/4ujn1uznjh4wtatk6m8ajtajq8/,44,267,8.6k
999,/@galina-13/,1.9k,2.7k,101k
1000,/profile/nn4e1a0kkr920wk0a31z0j2pcc/,34,37,229
1001,/@gigig/,184,1.7k,118k
1002,/profile/xtb6k44mua1zdcd83dh6rperxr/,834,1.3k,31.1k
1003,/@expectopatronum/,363,624,24.9k
1004,/profile/4k9c6m6xvtvfj885umnzdfandc/,657,657,19.6k
1005,/profile/3rupvqhnm5ngn338c7d1zhhprr/,8,105,691
1006,/profile/tf7hgr91p3kt20acd58rkjtg0w/,182,496,4.6k
1007,/@lolatalibowa191224/,1.8k,1.2k,18.0k
1008,/profile/ud47xuze3cdm6e0kc0z1axf510/,12.4k,9.7k,137k
1009,/@vetkin/,47,1.5k,28.2k
1010,/@lessi/,513,2.2k,111k
1011,/@shediliya/,632,666,16.3k
1012,/profile/69ectx73aer5aux4m006cuned4/,18,668,4.7k
1013,/@anitriks/,2.6k,2.6k,260k
1014,/profile/eh0agdyy31e8016de0qjefuy4m/,1.6k,1.6k,59.5k
1015,/@max777/,43.4k,14.1k,208k
1016,/profile/pujnnz7kqpnjymbu82xhvhnenm/,1.1k,912,22.7k
1017,/profile/Sibiryamal/,39,1.9k,102k
1018,/profile/26pr9cf1yy6gd6z7gqe5d252ec/,828,708,12.0k
1019,/@elpida71/,2.3k,2.2k,67.3k
1020,/profile/d0aj43dm3njjw8acvg40w5pknc/,445,251,1.1k
1021,/profile/kxncwmvd2q6yt8ad6u5vrxdc2r/,1.2k,1.5k,28.2k
1022,/@andrey-1977/,2.5k,2.6k,85.9k
1023,/profile/953k73nnwy6zh11hz98mzhxetc/,522,496,16.7k
1024,/@43e51c94cad541b7859/,2.2k,2.2k,92.0k
1025,/profile/ub81y05hj48fnun0vkbzra0kuc/,15.2k,8.0k,401k
1026,/profile/5ddkr7tf1028wd3q03em91y300/,373,311,1.9k
1027,/profile/5pf0guuvdrmrtcw6rvuu42g2z4/,5.1k,2.8k,18.2k
1028,/@malina_manila/,2.7k,1.8k,14.8k
1029,/profile/fjb3r4gmfh54jc7r72czyk63d0/,2.0k,1.8k,31.2k
1030,/profile/c4tvw2z68z4tz29q9txhbte3zw/,10.9k,6.8k,548k
1031,/profile/strogan0wa.s/,0,38,235
1032,/profile/zqwz4ntahd820yy98wp3196gr8/,397,1.6k,53.6k
1033,/profile/tzcrzfvvam01fxqwyqz59zj5fc/,304,916,65.5k
1034,/profile/kbtnmwn9nwdpr6g7kg3xcdr4r0/,688,818,30.6k
1035,/profile/npr6z13qxn5ny01h5ht1yxhf10/,750,1.4k,19.8k
1036,/profile/30z1mkmpyetdfrd9c5djea4zrg/,3.2k,2.1k,30.3k
1037,/profile/ax7wfq6vnx0xgg9davqc42uyrc/,1.5k,1.9k,41.1k
1038,/@1818/,356,772,17.2k
1039,/@dobrov/,6.9k,4.1k,75.1k
1040,/profile/ccf199uxbe5gd6z4j6jmgj77fw/,28.9k,10.9k,169k
1041,/@forestfox/,895,1.3k,47.4k
1042,/profile/g8jf040ur3qjybr9427zfy9aqc/,1.4k,1.9k,36.3k
1043,/profile/3yzf5p298dqkgnnknmnzn925mg/,12.8k,6.0k,10.9k
1044,/profile/eu9e0c59r0n384ynyt1uyp6yvm/,547,795,31.9k
1045,/@russkiy_rocker/,1.4k,1.1k,6.9k
1046,/profile/9xzxptj6gjryyz7grpy5g5buqc/,8.2k,4.6k,97.8k
1047,/profile/tzvyvtr77ajbumknv1719uxe98/,10.2k,5.9k,137k
1048,/profile/10nv93y7rymx4vkhzha4qv2k90/,8.5k,4.9k,100k
1049,/@avtoarenda/,14.0k,6.5k,20.7k
1050,/profile/j1m51uykg8j321prd395prnvv8/,188,329,6.8k
1051,/profile/x3panft206ngbcejffaepx8p1w/,13.9k,8.1k,37.9k
1052,/profile/1xzagwz164q42w3zhzhfxg9nxg/,1.4k,1.1k,50.8k
1053,/profile/6mfdgtqzyp7cxjxwmrtkxyabar/,1.0k,802,17.4k
1054,/profile/gyvgymakh6r3m17dkbpny6eyrm/,56,291,7.0k
1055,/profile/w9cdj2mekk54ve2m2r62rk5yj8/,1,41,173
1056,/profile/aahnw5dxw28ybqa5tmr9yg6uzw/,35.6k,11.4k,61.9k
1057,/@eva/,200,3.6k,104k
1058,/@staysy/,342,1.5k,66.3k
1059,/profile/anh5f8u0ua0jhpttr63ux3h6aw/,1.3k,1.4k,109k
1060,/@ri/,224,1.4k,111k
1061,/@ani_dragon/,1.7k,848,3.6k
1062,/profile/epv03cgy0jgg5g4yz0ba7j0cyc/,84,866,37.0k
1063,/profile/acpd0uqjaw1jyzp93cje661uvc/,1.5k,1.4k,54.2k
1064,/profile/gqyudwjdywpj37q94h9auvgfe8/,1.0k,995,14.7k
1065,/profile/04uhd14jxd1gmpqq7qn6g250k0/,1.8k,1.2k,46.6k
1066,/profile/09t0redeh7gwqq4z3f023457pc/,1.5k,2.6k,40.0k
1067,/profile/yx390ffe7b39efned0e4wdtv30/,835,848,34.1k
1068,/profile/r5f39n4b3u5bjxv6fmaac7xvr8/,3.9k,2.7k,83.4k
1069,/profile/jfhjw2fd27zf9t9dvcy4n1y1fm/,8.7k,5.3k,317k
1070,/@fflower/,397,3.8k,135k
1071,/profile/48qygcc8b2q1fxwrxr1yxjkk28/,1.2k,837,7.3k
1072,/@fazer/,5.6k,2.7k,20.9k
1073,/profile/35vd24nc4ut04xcbt2nevfbemm/,1.8k,2.2k,55.0k
1074,/profile/zkyzyzhdeyc41ctm3n45jkxr5r/,754,568,4.7k
1075,/@elenkaleathercraft/,720,1.9k,134k
1076,/profile/b7ehg9c52n8hqv1mnz1qpwdcrc/,209,193,5.2k
1077,/@vanila/,3.3k,15.1k,235k
1078,/profile/arnm584bq17f3bm5f58araq320/,5.4k,3.5k,55.7k
1079,/profile/tgz0aqqryqbtrakyeqvx4fd5g0/,1.6k,1.3k,42.0k
1080,/@nataly1/,2.4k,2.4k,115k
1081,/@soul_art/,3.7k,2.3k,43.7k
1082,/profile/3uz6f1dvb3bqhxq2a9eea4ghpm/,6.7k,3.6k,55.4k
1083,/@kotik228/,256,244,667
1084,/profile/fk8y1r12cmuxq22ebqjz9av2ur/,2.3k,1.3k,10.4k
1085,/profile/tw0w5yahm52eab655dh5bpy8hr/,284,1.3k,81.5k
1086,/@ewg/,5.2k,1.6k,7.3k
1087,/@marlazinger/,58,1.0k,45.9k
1088,/@66/,2.3k,2.2k,41.0k
1089,/@fox_m/,224,1.7k,46.2k
1090,/profile/p4h9x9cvn0cauq1rfw6w5mayj0/,152,153,529
1091,/profile/8u3awmgu5nqc3yvc0zepym52er/,399,175,414
1092,/profile/7b2f91tzbpbe8n6mp4tqnvktg0/,807,672,4.9k
1093,/@oksana8/,5.3k,4.4k,137k
1094,/profile/bf1j2fqnr7gnq51pjgzafd8qqr/,5.9k,3.4k,76.1k
1095,/profile/yhjacfy18ujm06vz7phmjfyznw/,498,445,3.3k
1096,/profile/wucyzp6u488yy6djaq2am66um8/,428,500,13.5k
1097,/profile/76ne0z8ayh93kwyvgapk2nh7tc/,1.1k,1.0k,24.8k
1098,/@kilion/,3.4k,3.0k,144k
1099,/profile/y61e922nj32k92rcqzez0h2n1w/,5.8k,3.4k,46.7k
1100,/@tata68/,267,2.3k,147k
1101,/@ksenja/,1.0k,1.6k,54.2k
1102,/@nari/,791,1.0k,24.4k
1103,/profile/615xzeb84xxygmgkac9unrb8hr/,15.7k,9.5k,301k
1104,/profile/3w6y0yyw84amjt7wk5r95gu9pg/,35,41,145
1105,/@lllusyall/,7.1k,5.3k,88.6k
1106,/@fpsrb.ru/,15.1k,6.9k,113k
1107,/profile/8wf17pctaay3wq6qu1de3zdw4r/,21,606,5.9k
1108,/profile/1nfm9923y1q0qqmzurzu00atpm/,1.2k,5.3k,770k
1109,/profile/5aj01uckgrh0u38b26816665ag/,179,1.3k,26.4k
1110,/profile/bttjffak4texv45pmwhyvpmm30/,5.1k,2.9k,20.4k
1111,/profile/7u4uyjgrg3191j4bmunuq8c8rc/,5.8k,2.7k,19.3k
1112,/profile/5npw1ktnhyu8kghuf9y9gqkgur/,324,416,9.6k
1113,/profile/5kyhh27pk326vvzup0u4tce03m/,165,259,3.1k
1114,/@dobryyeeh/,1.6k,1.8k,113k
1115,/profile/fnj9nbrxw83c30qkwujgy9mrqw/,476,241,782
1116,/@mensclub/,1.3k,514,4.2k
1117,/profile/8qjbm40fkvqnmp3pj58d4v3j4g/,2.4k,2.4k,77.3k
1118,/profile/h0t740vw4gze0t4acmj646e4vg/,22.5k,12.0k,180k
1119,/@artanis/,477,454,10.1k
1120,/profile/uwyv9tuaac92jc4nb9ybpww09g/,12.5k,6.6k,88.3k
1121,/profile/195xcxt8m4fq0r1cedk8v21a0g/,6,711,5.8k
1122,/profile/4edggknx7v7qh923d6ra8wmtw8/,600,585,17.3k
1123,/profile/xdbu8p8cmmrgmd6ce1gmm768mw/,798,791,26.9k
1124,/profile/9ep59drq6rp34q7u7w05wf2p60/,101,107,897
1125,/@blondinka/,2.3k,2.5k,78.1k
1126,/profile/m8hmh74ahrq28hqycegxhcymt4/,0,18,52
1127,/@wanna-be/,1.8k,806,5.2k
1128,/profile/72t5bph95ccgcctcm4krtpnpvr/,682,673,2.1k
1129,/@thedoorintosummer/,1.4k,1.3k,51.0k
1130,/profile/wuecz35f0gwua9zqqewxeteggr/,1,69,251
1131,/profile/8dwmwrmwcx410qy7c994m07gn4/,1.5k,2.4k,84.7k
1132,/profile/u8w70ny4nd66qg8d72e8g2c58m/,33,248,6.5k
1133,/profile/0v6qpt6njvk45ftbq4xrrdkx0c/,1,15,77
1134,/profile/kx605um4um7gfhjng1bqtuwdag/,91,4.6k,424k
1135,/profile/78271bnv7x0cprb3za83hgam5r/,131k,38.1k,213k
1136,/profile/ca4ynmzmm0ywdnm0vej9mxqe0g/,1.7k,831,3.6k
1137,/profile/n8nev2wk5myyc4pcyz4z7bmte4/,5.9k,9.5k,221k
1138,/@dkhludnev/,9.3k,4.6k,61.9k
1139,/@kukarin/,11.8k,5.3k,15.4k
1140,/profile/tz7fy5qhbbkpdkkm6a510gmzm0/,333,884,27.8k
1141,/profile/u9k7hv99vkxfvmbxqez0yhq7u4/,98,490,14.1k
1142,/profile/y8qecbm9fqyqwntfzmxc1wfh28/,1.2k,1.0k,26.6k
1143,/@evgeny09/,13.8k,5.0k,71.1k
1144,/@1010/,635,2.0k,114k
1145,/@yuliro/,11.8k,6.8k,110k
1146,/profile/zup61mkbb6ree52npdeddnpjf4/,6,18,52
1147,/@enotttico/,3.1k,2.2k,117k
1148,/profile/j3da9brt16dk7p1vkyjgzpcfjw/,4.1k,3.7k,149k
1149,/@mudruk.photo/,249,956,10.9k
1150,/@dobran_zag/,12.8k,8.0k,352k
1151,/profile/4v3vq7eb2jh9wecb8wqc4g0c8g/,5,48,88
1152,/profile/03cfdp1cgm8bvurrwcfhgqm450/,0,25,76
1153,/profile/4chhpqt3mgx47mjyazdamadnec/,3.6k,2.3k,28.6k
1154,/profile/9x1qtnvgvnv4w7v069knwe2h9g/,1.0k,453,1.9k
1155,/profile/2eeaqbkm9ha9y7eyp7mt34c2b8/,239,330,10.0k
1156,/profile/8pqyj2485c8d1eh7ektg9u7atm/,402,782,46.2k
1157,/@vladimir/,45,427,6.0k
1158,/@natashkinaskazka/,86,1.2k,19.2k
1159,/profile/jvn90pchpge33ana49t0hrtt5w/,101,112,432
1160,/profile/91dkhmhna7fnqcykyp8tq3886g/,640,896,14.2k
1161,/profile/bfg84c7z96qmucu83eaxtt5awm/,104,687,8.4k
1162,/profile/4f0m22zygp59vy973ty9hdmrcw/,97,101,1.8k
1163,/@schillerova/,9.6k,6.2k,301k
1164,/@d_osa/,791,2.0k,112k
1165,/profile/gw52fhk82ghf4fajeqcmxd6e7w/,1.8k,950,2.8k
1166,/profile/t3yncryt4m47ew7mgpvc6xvajw/,1.9k,1.0k,7.5k
1167,/profile/27ccbnxtbgqv5tzk8cr85phh8w/,3.7k,3.7k,331k
1168,/profile/d3b34kdfd81rqhdb4t8w48jtpw/,7.8k,4.2k,95.9k
1169,/@pheleex/,703,570,14.5k
1170,/profile/y13xm2xu2g8w2cwktyktf2ahj8/,3.2k,3.3k,153k
1171,/@mishkat/,4.2k,4.1k,210k
1172,/@richma/,2.8k,1.6k,10.2k
1173,/profile/7w7gzcu0867yxd1e0tbjga0um8/,1,2.0k,169k
1174,/profile/n8c9tf1h10c8md7ckhbt927t24/,821,801,26.3k
1175,/profile/6qbjca4xj9fr12mmrp54v19054/,1.3k,1.4k,44.1k
1176,/@artik163/,2,115,411
1177,/profile/t0my2q9n4hv5y6xkprwe1kmgbr/,1.7k,1.4k,45.0k
1178,/@ponchikomaniya/,15.0k,9.6k,141k
1179,/profile/7yr9q6pmxtb32njn1uxzux3ctc/,6.0k,4.2k,190k
1180,/profile/y59pm558d67rtxhhdnga1tq4ug/,1,119,467
1181,/@pusmoskva/,5.1k,2.5k,17.3k
1182,/profile/e30k3rww3mmeandbewrvd6p4cc/,5.1k,2.0k,9.4k
1183,/@janed/,11.6k,5.4k,60.7k
1184,/profile/84c3598vn8hctw7ekfx06yf3gm/,151,156,934
1185,/@uyutteplo/,9.1k,5.3k,94.2k
1186,/@yuly/,3,276,2.0k
1187,/profile/fqn4zjgf7u0376cf3hdm0b854c/,1.1k,1.5k,72.5k
1188,/profile/dx4wyd7xwmguxqcjqcjw422ur4/,1.3k,1.1k,3.1k
1189,/@micha/,5.1k,1.1k,1.7k
1190,/profile/z0uf5auc1xwmq2yjne4xaf082m/,1,109,369
1191,/profile/xpgyg90q1kgvw0qqqn5ga37dec/,4.1k,2.5k,36.4k
1192,/profile/ruqn7tg7v7ktb7q63e003uhphm/,2,1.5k,31.6k
1193,/@rose_rose/,2.6k,2.5k,91.3k
1194,/profile/7n5nt5rb2w3tnwkv7bhm0fcq3g/,7.7k,8.3k,14.8k
1195,/@veronika64/,1.6k,1.3k,31.6k
1196,/profile/qrgu3k4hhqvcnh128qbff8dnhc/,4.3k,2.8k,69.0k
1197,/profile/9649ywkb1h5rzfhq9gkkg9f7p0/,181,177,336
1198,/profile/e1qqnaf9jtq6fz3t1gn8m2gmp0/,34,1.4k,30.1k
1199,/profile/xnqk9q00yf76j595ankz4pfz2g/,35,90,758
1200,/profile/5q6493m3aajq9m0gzy9k3gn8mm/,1.8k,2.4k,75.8k
1201,/profile/kfrptyw0d3v1xar1mh05fq66vc/,1.3k,1.8k,103k
1202,/profile/9d2x85tpw4qkpbcamwgmepqn94/,1.5k,1.5k,59.8k
1203,/profile/eckzm3hcy3h785wf6qjwkwjd70/,13,168,1.4k
1204,/profile/xmz6hcrzmnf0hy5drfgdt5x9am/,1.3k,1.9k,129k
1205,/profile/rd0mtfd91gqxfmzyg5rrrrww3c/,5.6k,3.2k,41.6k
1206,/@ellrsh/,3.4k,3.2k,78.6k
1207,/profile/n4gn2qkvpy44cdhzch58yupqn4/,11.8k,8.1k,143k
1208,/profile/k8fdnepccz1vga4ay6a6fkaa6g/,787,709,23.5k
1209,/profile/p0mnc0dzyaq72j9cgua7k0vkv0/,174,370,16.6k
1210,/profile/nhn9563n10dmh8yyzjdd417m1w/,672,628,31.9k
1211,/profile/8tg599bgpcz0jm4gq36m7j8m8g/,544,3.8k,202k
1212,/@marina787/,1.8k,4.0k,207k
1213,/profile/y6vvdm6yr9f2zjf20yeexurp8w/,1.6k,1.1k,9.2k
1214,/@zh/,1.3k,1.3k,66.8k
1215,/profile/9pcawjgvy9da7u7h39bkqzfzxr/,8,364,1.9k
1216,/profile/rt120tkj4xz59ccd7tz4bvc89w/,1.0k,1.3k,52.4k
1217,/profile/7bah62ecuqdtcvkvewymqntj18/,10.4k,8.1k,64.2k
1218,/@stsoft/,7.0k,1.8k,7.1k
1219,/@scallop/,4.7k,3.1k,167k
1220,/@anna_sent/,1.9k,1.7k,74.4k
1221,/profile/mf00kfx0p9uvgqeynrf44yv9am/,9.5k,4.6k,52.6k
1222,/profile/3kgamavdm7n50g6xh59eqvuqn4/,1.5k,1.0k,2.4k
1223,/profile/9guwernjnmrvzpn3nq4kqqmex0/,3.2k,3.1k,58.6k
1224,/@kondratov/,455,873,25.1k
1225,/@sju/,99,2.1k,172k
1226,/profile/h9dbq3he54hzh1k5jz7g3u1g6m/,5.2k,5.3k,145k
1227,/profile/jpbxp77kux7nkd89r34rtetpt4/,5.5k,4.6k,91.2k
1228,/profile/010np1tuz8vvejc3xyubv9auwm/,1.3k,1.6k,66.2k
1229,/@reja/,13.0k,6.5k,274k
1230,/profile/k87qyj92v7afbduh1kf3wynbt8/,3.8k,2.2k,18.6k
1231,/@ketrin/,558,1.8k,59.1k
1232,/@gnomyara/,711,1.0k,14.4k
1233,/@arsenev.1975/,3.0k,2.5k,104k
1234,/profile/jpmwf7xgz2by45hhhry5fmxckw/,1.3k,1.3k,49.9k
1235,/@eggg/,3.5k,2.3k,4.9k
1236,/@pie/,857,882,5.5k
1237,/profile/ap4jzjf8bt6gc3w1jyr54mj0ww/,345,1.1k,51.2k
1238,/@tatianats/,191,397,14.8k
1239,/profile/gueyj35jkvzeg734jyaxmhmcfg/,1.2k,1.2k,21.7k
1240,/profile/5txdkg75bfu4q7jw7un7wagu04/,3.3k,1.3k,4.6k
1241,/@kukara/,2.0k,300,99
1242,/profile/ff4ydgr2knjh3hbtbfmd61wf9r/,5.9k,3.5k,68.5k
1243,/profile/e4jwydaznpf3ymnw40r55gdkg4/,501,506,18.4k
1244,/profile/7ky2fcqxbraqeuxjpvkm89errc/,2.7k,2.1k,27.6k
1245,/profile/yrhnzn1hvd9nyuh7vv40b5gye0/,8.5k,4.2k,35.2k
1246,/@desertfox/,2,197,1.2k
1247,/profile/k0tyq1hyt6z7nwkbrjddqxa9n0/,914,1.8k,6.3k
1248,/profile/2qt7vcazv0btn1h4ymj5gta6p0/,7.8k,2.6k,21.9k
1249,/@prostohomka/,2,21,86
1250,/profile/32t8qfd028qzytgwp8wpkb4v7c/,2.3k,1.3k,11.7k
1251,/@miravrora/,5.5k,3.3k,59.4k
1252,/profile/fj0jdahmdte48m730kv3w2w0h8/,5.6k,4.0k,106k
1253,/profile/zy0gz71a0f38ejfvxqh0pa6g0w/,6.8k,4.7k,45.9k
1254,/profile/d60g2ttxkw0m2kngd33qrpr7c4/,4.5k,3.2k,54.0k
1255,/profile/ww3pk59e4cvrg8eeta3ym89acr/,180,1.0k,73.5k
1256,/@mistb_g_springtrap/,478,552,17.8k
1257,/profile/f070vvqkhdg84guktedvcz3wc8/,745,1.7k,51.0k
1258,/profile/4xxavzk521bh7k1a11m3vf4rm0/,3.6k,2.9k,87.5k
1259,/@wind_music/,12.1k,4.4k,30.2k
1260,/@nakhodka/,4.3k,2.8k,48.7k
1261,/profile/avjhzy837bn1wtd60fqgfa0dzm/,2.6k,2.9k,175k
1262,/profile/98et1e9jberwhcz56kxqdjy53w/,222,2.3k,162k
1263,/@yarinnat/,1.9k,1.3k,20.9k
1264,/@_lisa/,376,2.3k,143k
1265,/@elena1/,8.1k,8.0k,322k
1266,/profile/ddf72cdcpj0z2qk1vkbgjb825m/,93,527,4.2k
1267,/profile/q6b5mwbpztzhdzyktp9y05tgmm/,3.5k,2.3k,16.3k
1268,/profile/zerk87f17me2jmvrknxmfnjwt0/,0,19,198
1269,/profile/3206pycjb41mqkpjm64vb0fz7m/,0,38,204
1270,/@smarttrams/,4.7k,2.4k,3.1k
1271,/profile/xztw012vby13r69aj5nbw1ba1w/,806,1.5k,78.0k
1272,/@luminous_light/,5.7k,4.9k,165k
1273,/@julyaginger/,275,261,1.0k
1274,/profile/nikolaev.n1kolka/,227,1.0k,47.9k
1275,/profile/314euqeac5w7j0n656wkra1mb8/,32.2k,13.1k,104k
1276,/@pesok_and_more/,6.8k,5.0k,78.7k
1277,/@nisan.chaser/,7.1k,3.8k,64.3k
1278,/profile/e7necy9vwvbuden5v9p7p1qr1c/,974,1.2k,25.9k
1279,/@kravcova1971/,3.8k,2.6k,68.4k
1280,/profile/jba0v26jbzn6rj2bd0yr0hx9e8/,536,620,4.0k
1281,/profile/ryyv72ya4zgvqa9ay80y3bdfag/,1.5k,2.5k,68.8k
1282,/profile/x66dewgkt37y1qhgz2wwe12fng/,493,475,15.4k
1283,/profile/fp7zd6e72gzkf9v8gf6yf6z3fm/,82,509,10.3k
1284,/@bukasyaaa/,7.9k,3.6k,59.1k
1285,/profile/tj36pwvv4tgy5d0ep5t8p7hemc/,10.7k,5.8k,72.9k
1286,/@dagmat/,9.4k,4.5k,39.0k
1287,/@biologicalshe-wolf/,594,389,2.3k
1288,/@zenhog_in_fog/,138,365,13.7k
1289,/profile/6zhwumyzf5qqeeaha32gu4fwcw/,1.5k,1.7k,30.8k
1290,/@el_p/,434,1.8k,77.0k
1291,/@ilona_sokolova/,6.1k,3.9k,93.2k
1292,/@evasheppard/,691,1.7k,124k
1293,/profile/czrrze7zhtnp62dxqvn5ffjaj8/,109,427,2.2k
1294,/profile/kn7nqf7h7gzuav863zb4c7ndm8/,90,1.7k,96.5k
1295,/profile/066j28mvjum7ud7mzf5140ud5w/,0,16,57
1296,/profile/729rpn5erq3uyc4wndwrbbuy84/,967,924,23.0k
1297,/@leoger/,11.2k,4.8k,44.5k
1298,/profile/p8qurkfkb0kdjqg6mrmf0vh404/,24.1k,9.9k,68.6k
1299,/profile/aytemmm4ydcyn1gdzfmqwj6kj0/,646,3.5k,168k
1300,/@oksana/,21.9k,11.3k,392k
1301,/@gora/,113,988,27.0k
1302,/profile/zn5ct3f0q4vp5wjumwax2t571w/,553,531,3.9k
1303,/profile/fd6d5unpg79ptzmfrjw4gmrhe4/,71,434,4.8k
1304,/@anna45/,11,396,2.9k
1305,/profile/haakx2u3x9mbkmzhr8rfkw60j4/,4.7k,4.5k,298k
1306,/profile/yfahdxxk02jenm35zp87nuc7h4/,135,1.6k,38.2k
1307,/profile/km65ta6bj3zyfntvwnzmyytva8/,53.1k,13.4k,131k
1308,/profile/c5b7k3k5zatqcm7qjrr9exg6t4/,0,647,7.4k
1309,/profile/7na9n6wm4h60uu7vyu47qd0zu4/,709,1.0k,16.2k
1310,/profile/x6xtte8vrhapa3m8vdkk062krr/,1.7k,1.0k,10.8k
1311,/profile/utv7u9rc286quycu4a4jq44agc/,116,376,7.2k
1312,/@evani/,49,774,12.4k
1313,/profile/v3m0tme62gk4kzduvunw38364m/,1.7k,1.0k,6.5k
1314,/profile/ncrrxd9gm5rmg621hx8pu4pfrm/,459,431,15.6k
1315,/profile/ab61fd14aeytuvr3zhu286j9r0/,29,301,1.7k
1316,/@verazubrilina/,4.1k,2.9k,54.0k
1317,/profile/cqyufyrhhax19tjn880und1hb4/,780,1.2k,45.5k
1318,/profile/c1gxc2enz4v6k23296zf02dc3g/,4,632,7.7k
1319,/profile/pnrge25xw45ekb6y9r9g178mjm/,4.3k,2.3k,10.2k
1320,/profile/zjwqe30nd9wjtpdexrzkzq4a98/,5.6k,9.6k,563k
1321,/profile/9n493akb6xb4k2zt8nz7hbuqdw/,9.3k,7.1k,157k
1322,/profile/0ar805jrgwzabe5wu7xachm93w/,1.2k,1.2k,65.4k
1323,/@lusyen/,9.6k,7.0k,307k
1324,/@taniart/,983,567,5.1k
1325,/profile/pabad5g3geqwyt0zcc1etw1c0c/,1.2k,1.1k,26.4k
1326,/profile/ggkcjnymdnd6b79bq1j6fxdg04/,29.8k,12.7k,156k
1327,/@arisha36963/,702,715,17.1k
1328,/@yluiar/,1.7k,1.7k,61.2k
1329,/profile/hhbzf36u3djhve85prcxt3bcnm/,0,24,47
1330,/profile/cjnvp8agt8589p93xx225zybn8/,3.3k,3.6k,74.3k
1331,/profile/90wq131tnf6gug9pgd3gu3any0/,1.1k,1.1k,31.8k
1332,/profile/zyax35vd13tnkpqjdy8mu1u64r/,247,797,17.3k
1333,/profile/dwhxqw174vwyghku32v7w0kfc8/,4.6k,2.1k,9.9k
1334,/@goff/,1.4k,1.3k,21.0k
1335,/@rudolf/,447,3.8k,106k
1336,/profile/6b0uum07vzp1dvw1w27gyad57g/,952,934,28.5k
1337,/profile/3dpvwrzaxfxrh2yb59ue6bzznm/,295,1.5k,120k
1338,/profile/0rknumnd7m03vpjbwyfjjj4gtw/,4.1k,2.1k,13.5k
1339,/@dyachenkotatyana/,9.3k,7.7k,343k
1340,/profile/nkq3r66xef9qr58rj9mgtedzcg/,13,909,9.3k
1341,/profile/t7ja6q7ahgah5b0qmp0df0aumw/,567,482,5.9k
1342,/@evgeninesterov/,4.9k,4.1k,114k
1343,/@gekasius/,4.9k,4.3k,181k
1344,/profile/w8cu6u9uq733228xrq4qmp318c/,637,1.5k,69.2k
1345,/profile/rje81nb9ug6y6q7ku6k1egge4m/,852,845,25.4k
1346,/profile/6gtf7wcggr0e6r9zf65ve6f9fr/,4,67,403
1347,/profile/tq54nz9djgy8bjvmh6a3zzvj1m/,1.7k,1.0k,4.9k
1348,/@aleksa_ksh/,314,402,10.2k
1349,/@novikot/,154k,35.5k,115k
1350,/profile/1xhr03yreypbwy8vffe3d4fkhw/,4.8k,2.4k,58.7k
1351,/@adfran/,10.2k,5.4k,129k
1352,/@tolli/,7.8k,4.4k,35.0k
1353,/@bigbelka/,2.1k,1.2k,18.7k
1354,/profile/77wj9emp1h77n8t97k9feppy18/,4.5k,3.8k,70.5k
1355,/@wingedbull/,2.4k,9.3k,430k
1356,/profile/qd2bjnmb0tqkmx2d5k22w4257w/,7.4k,4.1k,88.8k
1357,/@merimem/,2.6k,1.5k,3.7k
1358,/profile/bpj6ma7u8kqxjyrmqt5ea00pyg/,960,825,7.5k
1359,/profile/a4mb6w3uh8xu1qq3umyaqax9u0/,461,447,10.7k
1360,/profile/c59jx56kaxf2xuh4nbx2a07u4g/,1.3k,1.3k,38.2k
1361,/profile/bxaca79zykfx796fzuvh9f97gg/,4.7k,2.6k,33.3k
1362,/@dmidog/,1.2k,1.1k,77.6k
1363,/profile/jz1aa1b4uc1j1yge8g2w7387n8/,208,251,2.6k
1364,/@salvaje/,223,1.7k,116k
1365,/@igorchekhov/,2.0k,2.0k,68.2k
1366,/profile/u1u01x87ctbv1rk438a7vgbtkw/,12,149,1.0k
1367,/profile/b85k7qt4kb8jx2ym3w8a1r28em/,685,539,10.3k
1368,/@mystery_artist/,1.7k,5.3k,68.9k
1369,/profile/zj7q76aun2592cy5vn8uuhc224/,1,15,53
1370,/profile/a8wn9ugkznmp75vgeeg0eu2vac/,5.5k,3.2k,35.7k
1371,/profile/k7fmj7z7wg432bxff83m3gwq6c/,202,2.1k,128k
1372,/profile/f1pe4v5xkme38pgwt92upxpbem/,16,152,1.4k
1373,/@limbadroid/,2.0k,1.2k,6.4k
1374,/profile/b9fpf2p0zr4gb75yzuv4ggya08/,2.6k,2.2k,28.5k
1375,/@k_m/,184,2.5k,86.5k
1376,/profile/wmd48cqr83nn6bf51pvzazcwy0/,247,250,2.0k
1377,/@evasi/,222,694,36.1k
1378,/profile/68utz1yyu2z9kbbpg3d7nnz67g/,28,1.3k,45.5k
1379,/profile/76hc52fy83u6pedq870d4ecmc0/,2,30,92
1380,/profile/u38ga7cujw2j8yhcf9tfyh57x8/,2.3k,1.2k,29.5k
1381,/profile/850q9647fzj3wfnhtd4cyjmrhm/,8,428,3.3k
1382,/profile/x1u8gg4y1a9jjfqxmxp95tn9pc/,251,470,10.6k
1383,/@dvtline/,5.8k,5.1k,69.8k
1384,/profile/8dmx40xchtubk47ub19wn0g2tw/,367,895,9.5k
1385,/@fart/,22.9k,10.4k,101k
1386,/profile/07w3uhjerq87c5p5kdr1fm83mr/,2.0k,1.9k,130k
1387,/profile/wrj5j6jbb9n892f11bzdnv0zr0/,1.7k,3.5k,162k
1388,/profile/p0e29c9rgc2jy3k44jfvmjk76c/,10.0k,6.7k,143k
1389,/profile/jtf5e5zn6retanbju2e9fm9we4/,5.1k,2.6k,21.3k
1390,/@martes/,3.1k,3.1k,120k
1391,/profile/8w1k6jg6euyuhe1chzyj13yfvr/,46.8k,19.8k,196k
1392,/@alinamagicart/,3.2k,4.6k,22.9k
1393,/profile/2d31mu0ke66w6hrkt2rk3eant8/,8.3k,4.4k,35.3k
1394,/profile/nxy3pyxqa08t0v89d34h7p66x4/,125,275,2.5k
1395,/@microstreet/,508,1.6k,124k
1396,/profile/8efg7bbkr6a7vdx87ux6j7wr4w/,30,441,3.2k
1397,/profile/feghb19uuacuet34a49t2mh0jg/,582,583,7.2k
1398,/@koshac/,3.1k,1.7k,14.4k
1399,/profile/w2ce3qpayp8gp9w41qg3ywcutg/,3.5k,1.7k,10.4k
1400,/profile/a9qy04c84yb2xyxzjd8ccc2uc0/,261,1.3k,124k
1401,/profile/pkr1ajp3jk8g7exky2evqbf9dg/,0,20,59
1402,/@serj_t/,722,639,16.8k
1403,/@nigerou/,6.8k,3.8k,66.2k
1404,/@juljascha/,17,327,2.2k
1405,/@kisyan/,3.1k,2.1k,31.5k
1406,/@az13/,14.1k,5.8k,36.0k
1407,/profile/kauvf6wx2b1bf3mjd5gb5dcwk0/,1.1k,991,15.0k
1408,/profile/jfg10wanwn9qkygy2gfa3rz9yw/,4.3k,3.7k,122k
1409,/profile/5vq743hzjc25qat3fyaxgkk994/,810,856,15.4k
1410,/profile/qx9b09q9g4nr1tbw1bdhyj5uh0/,853,1.3k,64.9k
1411,/profile/qv6gncbugkmw27fraycj4nvr4m/,4.0k,4.2k,240k
1412,/profile/uwepdw6vwzt6mjhzdc212nxug4/,1.9k,1.9k,27.7k
1413,/profile/z16cadb9n4tncyfxmrqznwtz8w/,9.8k,4.8k,47.7k
1414,/profile/rz3ca09c88w07wg4by4vw7jjn0/,1.3k,1.3k,62.3k
1415,/profile/r8wwraq4b0attxnp78k2e98khc/,525,1.5k,44.8k
1416,/profile/r7n3hfhk5m6ym4wmrnq1r4pw8c/,1.1k,1.6k,68.5k
1417,/profile/cpxan7f26mu2bmmyyg356kqbpg/,6.0k,5.6k,435k
1418,/profile/zc1qhmr49cxjapvpvk3xta5tu0/,2.2k,1.4k,5.0k
1419,/profile/g2v4ww00wgnqbpa01xnvjnab70/,561,4.7k,147k
1420,/profile/7eh0tq0u8ndh8wc27pzukp5t6r/,797,654,9.9k
1421,/profile/3fyhwgtp2yv43rhk32bfv1n00c/,1.5k,1.3k,29.8k
1422,/profile/b0bzt1keqrm73g6z833bn3v59c/,10.6k,6.5k,199k
1423,/@cheba/,2.6k,1.8k,23.2k
1424,/profile/15trtun8g5q43mguw0gwftdfn8/,1.1k,630,4.4k
1425,/@daddy-line/,304,765,27.8k
1426,/profile/nmeazn66kb43xdmqqv609b6j98/,7.2k,4.0k,59.1k
1427,/profile/ppcf7me70fmmt6tg71tremarqc/,1.4k,1.3k,37.2k
1428,/profile/dhb61ey6kkxbb0va07v6j92hf0/,62,232,4.3k
1429,/profile/fzenn9jcfnrhmvcg5v5zmdmr0c/,198,201,2.8k
1430,/profile/ybng8xpfcaed6m4apdac4kxbmw/,6.1k,4.3k,141k
1431,/@eesteampunk/,2.7k,1.5k,12.0k
1432,/@sevu/,3.4k,1.3k,5.7k
1433,/@ksyusha100/,6.5k,3.6k,4.9k
1434,/profile/venediktoveugeny/,65,4.1k,293k
1435,/@nagaytsev86/,3.3k,3.0k,38.6k
1436,/@tosya/,1.6k,2.0k,46.3k
1437,/profile/nkkh6a8cy876btpmja853z7ha0/,9.8k,6.1k,114k
1438,/profile/y1egc8wrtfdgw3ccnrjq2w6fa4/,1.1k,2.4k,96.6k
1439,/@justwalkaround174/,445,529,14.4k
1440,/@fotodj2024/,1.9k,1.7k,28.4k
1441,/@dikovinka_shed/,1.9k,1.8k,26.1k
1442,/@arum/,48,428,23.3k
1443,/@minibears/,35.9k,14.8k,58.7k
1444,/profile/6u6c4nctwxqgd6u10j9hhajv14/,12.4k,5.9k,47.0k
1445,/profile/a9a3ed8dnh7g11czb4yp5nra0m/,1.8k,1.3k,39.6k
1446,/@neuromania/,7.8k,3.4k,51.1k
1447,/@hadow/,608,592,28.8k
1448,/@kooba/,60,1.3k,97.3k
1449,/profile/qw1nemb31u82ku3m267re0atr4/,5,102,495
1450,/profile/z1rgmeug3th66nzd3vae9tkyum/,64,379,3.9k
1451,/@harpural/,1.3k,1.0k,19.4k
1452,/@dzhinn/,242,1.0k,33.4k
1453,/profile/qebzxx2cu1aq1agxrx8kud55fr/,2.3k,3.5k,106k
1454,/profile/a1z1jmvcr4q07nb888xzzeyam0/,3,63,397
1455,/@sol_elena/,3.7k,2.4k,32.1k
1456,/profile/0ddfr6zjmzv15vy99ctwc6ya40/,5.5k,4.9k,28.9k
1457,/profile/nuha0frfj9n47n12b7mtgm9rb4/,773,697,33.3k
1458,/profile/08zvc5n1qvjpfe05kw6dqv78r0/,894,798,20.4k
1459,/@232340/,104,1.8k,165k
1460,/@superxcool/,15.9k,9.2k,77.6k
1461,/@alenyshka/,2.4k,3.8k,124k
1462,/profile/mbp1a9z1mbyw7vfv5zbjcmkmdm/,4.6k,3.4k,50.4k
1463,/profile/k3mh7zhw3uy9upwekh7havd4dm/,29.8k,13.0k,485k
1464,/@kat_mig/,304,686,21.1k
1465,/profile/6hwhjy00ruf9cqquztztcchjr4/,450,776,22.7k
1466,/@zer777/,6.5k,3.6k,53.6k
1467,/profile/93vr8bapudxak22vrmz3t3v8z0/,1.8k,1.5k,48.3k
1468,/profile/2mn1p2xa3m2mptbcaf1jeqdqg4/,1.9k,8.2k,242k
1469,/@marina_freyman/,58.2k,18.0k,71.1k
1470,/@vint/,4.8k,4.2k,143k
1471,/profile/1n8vtkhd1nnb8b91z2nxyrjbzr/,25,537,8.2k
1472,/@foxmaster_uwu/,76,1.1k,12.2k
1473,/@aligavia/,46,36,368
1474,/profile/2u1adcjhccedxaebkgndc57cbm/,2,96,590
1475,/@knight_of_nature/,363,374,6.5k
1476,/profile/3eb2aj4m8xryufagytj9ft484w/,3.0k,1.8k,24.1k
1477,/profile/c2g4jvx5mp8n7aytuyvmn8cj24/,2,60,278
1478,/@tata_zlata/,159,164,3.5k
1479,/@arsenkamacro/,17.1k,9.1k,40.6k
1480,/@unkn_oo_wn/,4.6k,3.9k,27.9k
1481,/profile/e2wtb9kryc8khdbq29h8hntee8/,6.5k,5.5k,296k
1482,/profile/g3reucf6rcd85g020wd6m6gybc/,8.6k,6.1k,222k
1483,/@akvarelka/,2.1k,7.0k,349k
1484,/profile/4up9g1eey46wrvhjnme7540gym/,3.4k,3.2k,151k
1485,/@eleonoragilm/,894,1.1k,55.4k
1486,/@deadhead/,6,535,9.2k
1487,/@kseniyamuzyka/,1.6k,1.7k,48.3k
1488,/@natasedevrum/,182,2.3k,56.4k
1489,/@bobrdobr/,2.4k,2.1k,8.8k
1490,/profile/45d6bh84pc3uhn287uj200pxm8/,75,840,52.3k
1491,/@777342/,6,442,2.6k
1492,/@kakossinka/,20.3k,11.1k,289k
1493,/profile/dbzg2ft0fxyv0r3d0d2zqzmgx4/,16.5k,6.9k,77.7k
1494,/profile/enx8fgn3kmnfkkg5mjrrjkbfcr/,209,174,969
1495,/@dark-natali/,275,557,22.3k
1496,/profile/kj6wkafk519awd6u22e0ynnnt8/,2.7k,2.7k,193k
1497,/@darstaff/,6.7k,4.7k,99.6k
1498,/profile/jzhqmnd504w8463dbgyp0866dc/,3.0k,2.9k,165k
1499,/profile/r5x88avex4vap4dywm5bvfcfcr/,60,254,3.4k
1500,/profile/8rnwq0956hujcjc4f45jf5e34w/,2.5k,2.4k,36.8k
1501,/profile/4xrm79wvznf4w1p16t8h4ag8jm/,10,102,1.5k
1502,/@elenaguravleva/,3.2k,4.0k,138k
1503,/profile/wury0gzw2b79vu4h38kt0e6u38/,243,243,1.2k
1504,/profile/yrgygyen2v254tf5red6tz3b3w/,300,636,3.9k
1505,/profile/0p40nm93unwwkhbga2c3yqxj0r/,3,65,404
1506,/@lanzeth/,15.4k,7.6k,80.5k
1507,/profile/irinamanteka/,1.7k,2.4k,200k
1508,/profile/ztbzpbrgn15zekbxj7b1ftgx0m/,11.2k,5.8k,44.2k
1509,/profile/zwvcwtwpabtnukg0ab3hqmewp8/,71,283,4.9k
1510,/@totoro/,15.6k,7.9k,306k
1511,/profile/mc2n2pz48ay27ft439w90eepf0/,4.3k,2.2k,14.6k
1512,/@578438/,11,255,2.5k
1513,/@anutka/,2.0k,5.2k,195k
1514,/profile/xnx5ypcr58wdwknpm1j8xjqnz4/,1,61,124
1515,/@gangster_gang/,2.2k,1.5k,14.5k
1516,/@danilsem7/,0,555,5.0k
1517,/profile/9af000p41a1nz4r4npddzzw1uc/,5,555,4.3k
1518,/profile/88ctbx2vgpkzm16ad2nxy4xyuc/,45,4.5k,192k
1519,/@ldcldc/,563,312,2.3k
1520,/profile/4zdaufzrmr4tvu569axmdrfp84/,3.7k,5.4k,174k
1521,/profile/a23xznr2m8vtpb6mkhnfn1kup0/,4.4k,3.2k,96.2k
1522,/profile/vqc808qdwgqgcfmx88p96nz6y8/,1.2k,2.3k,53.3k
1523,/@w2024dragon/,11,826,6.5k
1524,/profile/eyy5hfwf60hpr75kmn9dwfu530/,1.1k,116,209
1525,/profile/OliaChili/,445,302,2.4k
1526,/@maxfoller/,359,1.7k,66.2k
1527,/profile/515zcdmxm0xbbzbv4y1tfbebmr/,194,136,1.1k
1528,/@kirrumii03/,193,319,1.5k
1529,/@mariana_a/,1.1k,1.0k,14.3k
1530,/profile/dhx4ym705a81fb8a2z6ceg6fx8/,296,1.4k,108k
1531,/@formula_bytiya/,2.3k,4.1k,48.0k
1532,/@agoldcat/,268,2.0k,97.5k
1533,/@sonykpk/,3.1k,2.9k,155k
1534,/profile/u6u896z0wu2nma59jc904bd1br/,2.0k,2.2k,96.7k
1535,/profile/xkahj6mc96wbka8p52gzfkf60m/,10.0k,7.3k,37.3k
1536,/profile/n9pnyeh706h2p2zpturb9vb2xr/,1.9k,2.0k,66.9k
1537,/profile/1mx5tv0bcqv0bytmmxvrjjxgf4/,5.8k,3.4k,56.5k
1538,/profile/zrdj34bebw8jnacw3eq6jb4r34/,1.8k,1.0k,6.5k
1539,/profile/0g8m2y2rq3jcu09gfqhzbc2zyw/,924,923,35.6k
1540,/profile/yexxg3g4uuzbaf5kdjazavn7xc/,72,75,1.6k
1541,/@dimkaspaun/,1.5k,3.1k,67.2k
1542,/profile/gdu9vkr7dherye4dyrjzhb39j4/,142,2.0k,147k
1543,/profile/ajm4pfn1ev8k79c825r0f69d70/,581,513,8.6k
1544,/@lenasun/,1.4k,1.4k,43.8k
1545,/@nurka/,1.4k,1.3k,80.6k
1546,/profile/keq22qnm91nqdfbpzv54tktak0/,19,277,1.8k
1547,/profile/a7h0thpfdg911mxzb4hy8vvkgr/,13,253,1.2k
1548,/profile/jeh86634rx4a7exqqc7uqr3chg/,5.3k,3.5k,37.5k
1549,/@spirit/,774,659,5.6k
1550,/@kapelka/,1.3k,6.1k,416k
1551,/profile/n41aeyt0n64xpr2e5pe40tbmb4/,1.5k,978,18.1k
1552,/profile/3b7rb7hxy9dbvb8d6gyg36t1br/,1.8k,1.9k,101k
1553,/@annetta/,503,2.1k,78.6k
1554,/profile/2t522b29aby0tenf14a9guhgy0/,2.8k,4.3k,92.2k
1555,/profile/zdrn34y2h2nhf9xafw894y44x4/,3.0k,1.8k,18.2k
1556,/profile/3t1ghfmpg4j79z0m80enhzbtn8/,2.9k,2.3k,123k
1557,/profile/55nkxkmvpnzhej3kmd2e6v04vr/,1.3k,1.3k,10.6k
1558,/@skazki4za/,15.9k,7.3k,40.9k
1559,/@tria/,9.0k,7.2k,128k
1560,/profile/eypk57at8xwtn953dv3x6uzw9g/,1.1k,2.0k,63.2k
1561,/@milaalasheeva/,1.0k,792,10.8k
1562,/@gliver/,497,556,16.2k
1563,/@bestia/,46,6.6k,435k
1564,/@olga_v/,481,1.1k,51.7k
1565,/profile/9wft0ahjhn5957a89bnye451k8/,96,287,2.2k
1566,/profile/3vcpc9e1h2uj7kzth680qdjtzc/,1.0k,1.2k,6.6k
1567,/profile/cpw0c7215v0q72fev6c1f0bx70/,871,752,40.4k
1568,/@mishelt/,283,1.1k,44.2k
1569,/profile/uc6uzq9066yrtx8gkdnm0ed76w/,0,266,4.8k
1570,/profile/76ycw8qm29j5wctmxmh5hc4fxr/,805,752,18.6k
1571,/@darrik/,10.8k,6.0k,235k
1572,/profile/n8d9wyckje1yj273e1vcnrwkfr/,0,56,198
1573,/@ratishka/,2.5k,2.2k,54.5k
1574,/profile/e8y7nhm1d16h671n0jy4x2a41r/,2.6k,2.6k,111k
1575,/profile/mfh78b1j2cdk0h4kqve1pu5k4m/,909,849,18.6k
1576,/@tyanev/,89,1.0k,45.9k
1577,/profile/r5m7g8wmfq7yfn6995t7azz138/,78,188,4.0k
1578,/profile/zh22g4m09gkeredn9v70gxeuc8/,11.2k,8.1k,38.3k
1579,/profile/txghvdj1vk8ghc681ph2wepqh8/,294,3.2k,109k
1580,/@sim31/,10.0k,4.3k,13.4k
1581,/profile/x3qru32703jx6032nec2x8raj0/,13.3k,6.8k,27.2k
1582,/profile/2xnjz9f2ey5e380hx9b93ef5b8/,3.0k,2.4k,122k
1583,/@irafaber/,603,832,1.1k
1584,/profile/z1yjjyumt7xbmjmh9px7p2ng30/,3.4k,4.4k,372k
1585,/profile/jqydt7rnpwk5kt6pf7p1nnkuk0/,158,1.3k,56.5k
1586,/profile/stickweb/,4.0k,2.1k,3.4k
1587,/profile/yfgee0jczxuhzcf15vzfkxbanc/,28,151,1.7k
1588,/@smoke/,510,534,27.4k
1589,/profile/kw88k6zkeqemy8b2n85me6phjg/,7.3k,6.7k,108k
1590,/profile/hg4p4f8nv3h1cp4y70at2ptcf8/,524,784,26.0k
1591,/profile/d3wvhxa9ahmw1qedarbde0h1wc/,8,606,19.0k
1592,/@aischa/,2.2k,1.7k,40.7k
1593,/profile/tjnubdnqqj96u0qj54u37av3f8/,420,254,2.0k
1594,/profile/wrmt57dgjdwawz36fuz7cadtdm/,1.2k,1.1k,36.1k
1595,/profile/711az0tv4x4dthjy7q21tt5mnw/,0,116,1.7k
1596,/profile/4p4gcuwpv7k5t09wtpfjnbw39m/,381,1.1k,52.4k
1597,/@droneangels/,740,2.0k,68.9k
1598,/@aarin/,2.8k,2.2k,23.2k
1599,/profile/35crvg9y1pw19kc1pbgv815e5w/,149,260,4.8k
1600,/@imasleepingpill/,3.9k,3.6k,86.3k
1601,/@ww_viktoriya_ww/,10,1.2k,19.4k
1602,/@victoria_joy/,16.4k,6.8k,73.7k
1603,/profile/xv88dz82nmgjq5ua5v7bp07eum/,3.2k,1.9k,80.8k
1604,/profile/6nxxanm2uak8frkx7k0k6gdch4/,2.0k,2.0k,165k
1605,/@ibad/,439,518,7.4k
1606,/@ah_alena/,75,639,13.7k
1607,/profile/dbvduff5wkrjm82uqum1yt9fvc/,927,844,15.0k
1608,/profile/y625vw6fjuh9ka4568bmxa22yg/,2,48,217
1609,/@olgasok/,3.7k,3.7k,128k
1610,/profile/qcf0uv6cv7fbmpecck3vy9wztg/,99,230,6.8k
1611,/profile/5k2eumwrez9f7c1mmw6f4k7zg8/,1.8k,1.8k,69.3k
1612,/@ostrovd/,322,388,5.1k
1613,/@lana/,19.5k,9.1k,70.4k
1614,/@titenko_make_up/,38.5k,11.7k,32.8k
1615,/profile/x4dt0jtxpt9gdg838wxga58zpr/,85,504,7.6k
1616,/profile/dh9mwr5fb271agqbgbqxmthu8r/,6.4k,3.5k,36.2k
1617,/profile/sskkoggorrevv/,1.2k,927,21.2k
1618,/profile/e0mjgxg4prya70ubuqet3wuqar/,637,1.4k,56.4k
1619,/@solar_wind/,3.9k,3.1k,49.6k
1620,/@rusi/,55,7.0k,658k
1621,/@liubovkhorne/,524,576,17.8k
1622,/profile/n93kpvajert18je09mzu8eq7xr/,911,2.2k,141k
1623,/profile/nbr73twayj4zw0r72agaqrree4/,950,1.3k,36.9k
1624,/@itmaks/,3.2k,3.4k,90.5k
1625,/profile/r6kqkkupa5rc63a7nnnz390rbr/,351,436,5.0k
1626,/profile/u86gbkzrk4m2cphmxdcvv1hfvm/,607,508,13.0k
1627,/@natati/,2.9k,3.2k,167k
1628,/profile/35r5kp13ra85pf0034p1xpbaxw/,3.7k,3.5k,8.0k
1629,/@inkognito101/,384,400,7.8k
1630,/profile/xyk864jr24f9e59g07fku90dx8/,2.8k,3.1k,94.5k
1631,/profile/6m1jhedphy3up3ff2wupmxdw7w/,1.7k,3.2k,102k
1632,/profile/dkekadnyz7ah29qbjzngvwnew8/,7.1k,4.0k,115k
1633,/@alien/,2.5k,1.5k,22.9k
1634,/profile/hvn3rgrqqgy7989udq3f4kf640/,2.1k,2.0k,3.0k
1635,/@seversh/,996,1.7k,89.4k
1636,/profile/bu0tjrpbmd7fczve2m4qpqz0zm/,222,441,13.7k
1637,/@carfax/,3.9k,2.7k,43.8k
1638,/profile/gc40064rz3pv37e5ejejhft7pc/,130,91,965
1639,/profile/uy21bc81g01eu9c215uc5wq0rc/,5.1k,3.4k,137k
1640,/profile/0u8z0mwwh4987dm37efbm07bzr/,7.6k,5.1k,62.6k
1641,/@natali/,1.0k,1.8k,41.4k
1642,/profile/etvzg88t33k87cvwpthbmk1zwg/,1.4k,1.6k,28.3k
1643,/profile/u1rh2mxhm9h1q16q08z8nehg7g/,1.8k,993,9.3k
1644,/@jeanne/,2.9k,3.2k,181k
1645,/@blacker/,57,1.5k,95.7k
1646,/@perfomance/,291,573,31.0k
1647,/@tattiebird/,219,5.0k,63.8k
1648,/@anjilisha/,375,195,1.0k
1649,/@rusalina/,100,1.9k,103k
1650,/profile/gkhwbzkzrxahxqxrkf502avzng/,466,1.2k,37.3k
1651,/@maria/,65.9k,27.7k,515k
1652,/@timbai/,164,1.6k,31.6k
1653,/profile/pd3dwvzajbq1c6ykmt1dwk7zew/,224,213,4.5k
1654,/@emy/,790,769,20.0k
1655,/profile/vv731fxmgrv4uu2yt3411g2gk0/,255,257,4.3k
1656,/profile/amp7p4d6mmvq2vp0md47dc6apm/,13.1k,7.4k,68.1k
1657,/@cybertokyo/,906,797,25.1k
1658,/@skaym/,324,460,13.0k
1659,/profile/ac6m3g3tgp44nn1wv8fpgfvqbm/,5,91,299
1660,/profile/9hb2188tb66fffjn0n6f6484mw/,3.4k,3.3k,131k
1661,/@nix/,384,823,26.2k
1662,/profile/7tazy36ayjya6gbrdrc4za392r/,3.6k,4.3k,129k
1663,/profile/2g8awxf0mhprdc8vcdncndxap4/,225,169,842
1664,/profile/jkchexpvw0cftxyweg1nrhg3bc/,1.8k,3.5k,139k
1665,/profile/mj89rdtyzr5f9ccuj9fe91b96m/,1.6k,3.1k,76.6k
1666,/profile/4fj9wfwuj3de19fuv9b7wdwvk0/,4.2k,2.5k,76.8k
1667,/profile/hvqmda55kfgtff8d63eq9e2kfc/,3.9k,2.6k,28.2k
1668,/@faun/,2.3k,1.9k,35.1k
1669,/@liya_si/,501,1.5k,75.2k
1670,/profile/ukgt41771ppm6k1bunj8mxqedr/,8,346,3.4k
1671,/profile/g8tvch7m1pwtqbaywhxfd7zgd0/,748,720,29.5k
1672,/@alena.a/,336,1.0k,56.7k
1673,/@kiyoko07/,83,135,819
1674,/@sofikys/,15,442,2.8k
1675,/@plinth_pavliniusa/,320,297,4.8k
1676,/@anabar/,155,354,8.2k
1677,/profile/jfak0k3vcy1yqz9vek3rp7ujdc/,14,189,1.2k
1678,/@iskatel/,5.9k,6.5k,63.7k
1679,/profile/e1ury202w37zz18d4h223583r8/,29.2k,17.3k,186k
1680,/profile/wv2knuvpuvp0fpmqww2vjxn6jc/,27,668,23.7k
1681,/@shed_one/,493,285,1.0k
1682,/profile/x3pt669x87kzuv54fprfwb4rm8/,2.2k,1.7k,39.0k
1683,/@katy8/,6.3k,2.6k,11.8k
1684,/@blonde/,1.0k,1.0k,47.6k
1685,/@galagen/,97,1.2k,95.9k
1686,/profile/xpbcwm14xh4hdckmz2nnzn6w50/,303,1.1k,7.9k
1687,/@sherzodxon83/,105,104,1.6k
1688,/@leo_nardo/,26.8k,10.5k,127k
1689,/profile/pcxhqpug67pwuk8m0pxn41gm5g/,523,523,6.3k
1690,/profile/gw3j099wppzyzdg5kkc95thqw0/,1.3k,1.0k,17.4k
1691,/profile/qjt46zbvmm8wxhp5et24t9ra8r/,810,568,8.7k
1692,/@olpoco/,1.1k,1.1k,22.5k
1693,/@lislan007/,8.2k,5.0k,94.3k
1694,/profile/qp39e44dgnhvemv1p217ggmqcw/,286,281,1.8k
1695,/profile/cup3w1rn60r85dhkfyc7qv07n8/,705,541,19.2k
1696,/profile/ku9p8kznrkhgw48m110p0n40p0/,5.3k,4.8k,291k
1697,/profile/29zaye6vbx5wz1m1ryc04p9tvw/,30,106,547
1698,/profile/u9vzm7rhqk7ne4cp5n8e4n1qug/,4.5k,2.9k,51.8k
1699,/profile/14ym4ujrd6ef312k3881tdym9m/,124,453,12.9k
1700,/@pillezky/,21.2k,6.4k,19.6k
1701,/profile/zpg80uqwc02wze1dpk2hhxndbg/,6.3k,3.1k,21.2k
1702,/@elena70/,334,1.4k,60.3k
1703,/@naralapic/,478,461,4.7k
1704,/profile/jrh7ecvhmrwgyy4y0q5080v0pr/,6,338,8.2k
1705,/profile/ab6zn15e1grbwjj78jx0uvgcxg/,848,923,12.9k
1706,/profile/uxjj6g4p97m8rtz4pyg9jzd8dm/,253,355,14.4k
1707,/profile/mhe6krqeq8c1kage34a7mrf738/,9,353,2.9k
1708,/@siantivia/,3.7k,2.2k,39.7k
1709,/profile/5ejar3ur1a1x3acxnmff9f6m6m/,120,1.4k,35.2k
1710,/profile/0xdbnagh8rcxvykczhr23cachm/,111,108,1.5k
1711,/profile/40gbbbh7rcmbhupxcg67aw90am/,82,1.3k,45.9k
1712,/profile/averjanova.olga2017/,1.8k,943,5.0k
1713,/@elen_w/,19,1.6k,55.7k
1714,/profile/wgvch0akw9yf17w7e3k3r64bvr/,1.7k,2.1k,138k
1715,/profile/u6pfttunuev86wvg13ttnaev58/,4.2k,4.2k,138k
1716,/@druid/,30.1k,17.0k,202k
1717,/profile/rbvp8kqy259n17ya1bveczaykm/,2.2k,1.1k,16.5k
1718,/profile/jjf6q7z8g3px4vqg8b3rd36crm/,178,182,606
1719,/@men_picture/,9.0k,4.7k,82.8k
1720,/profile/hxxpewk7q9vukhwrccbu11hk1m/,2.1k,1.6k,19.1k
1721,/profile/90p10wp8wmxcxanmybmzt118b4/,3.4k,2.7k,91.2k
1722,/profile/y217gbhqt4ueqd4awf167jxqv0/,94,192,1.2k
1723,/profile/eh9c1rhzcrj4zzwfrycj8t1ajm/,202,707,19.4k
1724,/profile/1wr2d9fkz1456cj5fxakaug2tm/,1.5k,3.2k,225k
1725,/profile/vknwgbhdqjp49u23qkkx99v7ur/,681,682,4.9k
1726,/@nadiia/,2.2k,1.3k,6.4k
1727,/profile/n7kdmzzybqcwjwwqr2cywyq6tr/,5.8k,3.2k,46.6k
1728,/profile/92m9n79v4rfh0hz2uwkg6kraq4/,1.0k,791,4.8k
1729,/profile/acc28cgmzyfyfmgb3twv2pdcrw/,1.4k,3.5k,171k
1730,/@terra_magic/,3.6k,2.5k,25.4k
1731,/profile/p7t71cdfh84bxkhpzywbvdrjnm/,2.2k,2.0k,80.3k
1732,/profile/320px5z7qtj25b5gajvurk0nd0/,1.3k,1.4k,48.5k
1733,/@irinushka6/,1.6k,1.7k,47.0k
1734,/profile/a528ypwfqvz8zeng3j01mgepkr/,1.4k,916,12.7k
1735,/@robin_bobin/,5.6k,4.1k,116k
1736,/@nord_wether/,885,1.2k,24.6k
1737,/profile/u84vfxapdgqw55f2n1er2rdfew/,231,289,1.6k
1738,/@zinger2660/,8,208,1.2k
1739,/@adelina/,4,60,442
1740,/profile/h7wa19aq8zm7hzb3ff0fcbjdn4/,354,373,1.3k
1741,/@solovey/,2.0k,2.7k,52.8k
1742,/@allunialuna/,1.2k,1.8k,52.8k
1743,/profile/u935615pqztmrvzegx26uw3c08/,1.5k,964,9.4k
1744,/@olfiika/,68,1.3k,54.3k
1745,/@arina_tip/,156,2.2k,294k
1746,/profile/ccn8x0vj34p4gjrr3jkdghg6fc/,2.0k,3.2k,57.6k
1747,/@zelfea/,57,348,9.5k
1748,/profile/gevvefyxnx05f86kh6vmrh025c/,165,1.3k,23.1k
1749,/profile/5g5z14x2w0hrjdgwmfgbk2awf8/,7,198,1.0k
1750,/@aleksika/,3.8k,3.5k,91.2k
1751,/@aerospace/,5.2k,2.8k,34.5k
1752,/@lukomorye/,500,254,892
1753,/profile/n2hjkcephg542xvr921tx2w34c/,4.5k,2.9k,43.3k
1754,/@1824/,1.3k,1.3k,42.6k
1755,/profile/65zbnex1ary7b8qth686qdngbm/,452,409,8.2k
1756,/@mil_a/,7.5k,5.4k,146k
1757,/@chupacabra/,3.4k,3.1k,28.8k
1758,/@4vsadnik/,1.9k,1.8k,20.4k
1759,/@dovod/,1,687,32.2k
1760,/@nadia_webdesign/,37,54,527
1761,/profile/rnp8rc15vaxfxcp3hhr84h9nk8/,6,56,294
1762,/profile/rchh15cm2612rnyxyu0439qn58/,2.1k,1.2k,10.3k
1763,/profile/w6t5ddjxhjc5z5ad49xar0xuvm/,22,28,257
1764,/@licht_real/,259,2.3k,131k
1765,/profile/nfv9mc0z7fx1qchdfkpa5xz1vg/,835,658,16.3k
1766,/@soulblogger/,3.0k,1.9k,24.7k
1767,/@tati08/,147,1.2k,71.1k
1768,/profile/bke12v4gbev06bjhtuz38aj2gg/,926,593,3.6k
1769,/@4796/,25.4k,10.8k,274k
1770,/profile/6vy9dahebfpwvqtfx62qt04f6r/,155,156,3.1k
1771,/@sofi.havtoyan/,173,503,12.5k
1772,/profile/jghb5qf58nu3xc6bpp8304p9zg/,449,465,8.3k
1773,/@hoppipolla13/,755,1.4k,66.7k
1774,/@dragan/,2.0k,1.7k,64.3k
1775,/@beloysova/,4.1k,4.1k,98.1k
1776,/profile/aka3dtngwu638bpa5z0qx5vqe0/,341,216,1.9k
1777,/profile/5zwzt4v6mf11gbgr0zh9bqctwg/,1.7k,1.6k,37.7k
1778,/@cooltopic/,4.1k,2.7k,26.6k
1779,/profile/0re0kg28yq83h6k6gq7d0w674g/,4.4k,3.1k,143k
1780,/@sanbeam/,3.0k,2.8k,160k
